Simulation_ID,Permuted_Difference
0,-0.0115441312805
1,-0.00175793280287
2,0.0602314542731
3,-0.0665383016977
4,0.000181858041355
5,0.0968609516747
6,0.017496881892
7,-0.0406024942954
8,0.109850840694
9,0.0386602218417
10,-0.0460847632095
11,0.0800320805644
12,-0.0127853624093
13,-0.0103187602812
14,0.00935412219958
15,0.00443187742833
16,0.0833338270728
17,0.0227704130258
18,-0.030864004141
19,-0.0116998002134
20,0.0283745806807
21,-0.0182532100728
22,0.0074987667452
23,-0.0375601174998
24,-0.0241915928147
25,0.0244072523684
26,0.0684923610006
27,-0.0115886991869
28,0.0183631606352
29,-0.05915937692
30,0.0764725099128
31,0.0133227768233
32,0.0237219297637
33,4.93346815534e-005
34,-0.113529751323
35,0.042455251932
36,-0.0336712004328
37,0.0105303410057
38,0.0731707483934
39,-0.0597730362947
40,-0.0465678415573
41,-0.0759446903065
42,-0.0118287793307
43,0.0371922793053
44,-0.1211789308
45,0.00528448800163
46,0.0606692803934
47,0.0354490344844
48,-0.0552440222426
49,-0.00318790751057
50,0.0571943194601
51,0.0777174886736
52,0.034553567978
53,0.00719411810206
54,0.105477299765
55,-0.147874421601
56,0.0620656671258
57,-0.00204285033812
58,0.0737152730783
59,-0.0397352929887
60,-0.0184714550779
61,0.00957013890303
62,0.046932739927
63,0.0496244957342
64,-0.111968496478
65,0.0192390051219
66,-0.011968604269
67,0.0274718300903
68,-0.0574455934779
69,0.0397457667747
70,0.112396719131
71,-0.0056098045381
72,-0.00820547791534
73,0.0711740294056
74,-0.00261219486748
75,0.000327639273484
76,0.0889571483048
77,0.00321982866514
78,0.112097820714
79,-0.0358670584116
80,0.125568394567
81,-0.1324353514
82,-0.0465034465188
83,-0.0673223920193
84,0.0393814034483
85,0.0537700683974
86,0.0891454444006
87,0.0363274484417
88,0.0249580047783
89,0.0351977022843
90,-0.0448862325234
91,-0.0490418333984
92,-0.107469120311
93,0.01030579608
94,-0.00922542256139
95,-0.078335442161
96,0.0978759354919
97,-0.0388317935046
98,-0.0871492392213
99,0.0771683747175
100,-0.00918938101947
101,-0.0757574188384
102,-0.00115908935865
103,-0.100203838828
104,-0.0377095002669
105,-0.0197583883966
106,-0.0677610502759
107,0.0273870753164
108,-0.0211148058918
109,-0.145135088756
110,-0.0393511822882
111,-0.0422895407714
112,-0.0112037177542
113,-0.0482725650016
114,0.00104440669779
115,0.0366006850843
116,-0.00492335269814
117,-0.0473398567218
118,-0.0812101384668
119,-0.0197038441932
120,-0.027174433076
121,0.0223865754133
122,0.0119896104952
123,0.0673802582986
124,0.0459725961701
125,0.0764711420675
126,-0.015594396848
127,-0.0648605060797
128,0.00774384585666
129,-0.033278308405
130,0.00152652260906
131,-0.0383953867937
132,0.0493584582903
133,0.00956850557161
134,-0.0235073760859
135,-0.120396273817
136,-0.0724672191718
137,-0.0336865359018
138,0.0180862467812
139,-0.115584896396
140,0.0425769951248
141,0.060629348041
142,-0.0813821221698
143,-0.0883160235189
144,-0.036664225179
145,-0.0495485759023
146,-0.116062417505
147,0.0376714555424
148,-0.0337365395405
149,-0.0246386126826
150,0.00370099727962
151,0.0465723938822
152,0.0352533154492
153,-0.0157715198954
154,0.0124263398395
155,0.0296799226074
156,0.00256103263479
157,0.0248296173065
158,-0.124014189685
159,0.0284777409634
160,-0.0482798768073
161,-0.00983237801126
162,0.0359535815166
163,0.0250992188352
164,-0.0407467078816
165,0.098220363641
166,0.0657794606787
167,-0.0528857892681
168,-0.0246162392397
169,-0.0838658386538
170,0.0625038728887
171,0.0283394987999
172,0.0575093105336
173,0.00975009364705
174,-0.0176798666206
175,-0.0129223823891
176,0.0741711142797
177,-0.0217036320188
178,0.0440155182503
179,-0.0322480910477
180,-0.0832181649345
181,-0.00231035424671
182,0.00625214387093
183,-0.0198221329412
184,0.0388981171619
185,0.0936278434885
186,0.0555074742751
187,-0.0304109394181
188,0.0380711878769
189,0.0441508233109
190,-0.0365188211098
191,-0.0194615129962
192,0.0384596035286
193,0.0259858803008
194,-0.043630061
195,0.0520124498928
196,-0.0662068098351
197,0.080215219565
198,0.0195759744214
199,0.0397541132987
200,-0.0200844310072
201,-0.0624658889534
202,-0.077972289131
203,-0.0675844152673
204,-0.00556334261093
205,0.0924502754488
206,0.0296042958993
207,-0.0608674391991
208,-0.153486232838
209,0.0384217364211
210,0.00439747380186
211,0.144790774105
212,-0.0175406694009
213,-0.0617540626356
214,0.174382776853
215,0.0127947466688
216,0.0388949227136
217,0.048088847575
218,0.020589085115
219,0.0691038226951
220,-0.0661799303686
221,-0.0159263068272
222,-0.018605379058
223,-0.0602495361759
224,0.0807298656079
225,0.0707912309619
226,0.0506766414582
227,-0.0306376586316
228,0.0682344730967
229,-0.0327061060343
230,-0.0385034501177
231,0.0391205076956
232,0.0325333889407
233,0.0169334494914
234,-0.0419176601992
235,-0.0680461945841
236,-0.0834863144752
237,0.0152762479908
238,-0.010960428762
239,0.1264257904
240,-0.0287798315393
241,0.0389280071796
242,-0.0695702729356
243,0.0278090714723
244,0.0581091226855
245,0.01030516812
246,-0.0295998937611
247,0.00185878955755
248,-0.0353156559131
249,0.022544587277
250,-0.0151524146327
251,0.0358000001084
252,0.0541647705619
253,-0.0467051566043
254,0.101917546632
255,0.0412136056375
256,0.0454379712578
257,0.0459842991184
258,0.0635665198379
259,0.0569318431664
260,0.0552611430648
261,-0.0267578992878
262,-0.0404951932156
263,0.00138084415056
264,-0.100724643369
265,-0.00694899627519
266,-0.00513684328088
267,0.0338171995597
268,0.00933954087631
269,-0.0450408318699
270,0.0555183900487
271,0.000678033389907
272,-0.0516293213719
273,-0.0563030101137
274,0.0625103921682
275,0.0617981045305
276,-0.0133947568818
277,-0.0314623933546
278,0.0214918557842
279,0.00532506088176
280,-0.033124435818
281,-0.175540309772
282,-0.0299501975014
283,-0.0251011194968
284,-0.06502085432
285,-0.0407291231996
286,0.0630364786788
287,-0.0385561843341
288,0.0507158578039
289,-0.0629436551432
290,0.147198020086
291,0.013584648721
292,0.0669091307101
293,0.0368890445307
294,0.0709763361794
295,-0.0328415371912
296,0.0705596884472
297,-0.0527647397161
298,-0.0818778199569
299,0.0399057658095
300,0.0329090722065
301,0.0344996115805
302,0.056703265474
303,0.0317601753014
304,-0.0476159181849
305,0.0546921284448
306,-0.0275970528801
307,-0.0322930260481
308,-0.0601299611855
309,-0.047648831778
310,0.016830521007
311,0.0352353156159
312,-0.0339156437803
313,-0.0199626980314
314,0.0375039244453
315,0.0714790947723
316,0.0100129802927
317,0.0915599381338
318,0.0130380795847
319,0.0310759439157
320,-0.0355698766102
321,0.0662371805765
322,0.0157558771111
323,-0.0305199081406
324,-0.035429920177
325,0.0964195339051
326,0.013414344202
327,-0.104074923483
328,-0.00553527376046
329,-0.0466607716997
330,-0.013566390431
331,0.0665649825565
332,0.0150137667646
333,0.026554798244
334,0.0258054391161
335,-0.0514667931653
336,-0.0136763790167
337,0.0422048950946
338,-0.0731882980301
339,0.0959138194509
340,-0.0293068661969
341,0.0666217220084
342,0.0657798676176
343,0.081766455103
344,-0.0089389693208
345,0.0324919722649
346,-0.00912004142996
347,0.0384404933642
348,0.0682816405379
349,0.0421001876063
350,-0.018899385553
351,0.0521451043635
352,-0.0987660903531
353,-0.0941122112027
354,-0.0752775981628
355,0.0835910462344
356,-0.0871193642624
357,-0.176202801879
358,0.0483186045275
359,0.0274676868428
360,-0.00502373532353
361,0.0543266358544
362,-0.107437957703
363,0.0218921008475
364,-0.0750599816815
365,-0.0539776074925
366,0.0132761775918
367,-0.0559025443806
368,0.0209066749209
369,0.119051243505
370,-0.0214300709772
371,-0.0213195990815
372,-0.0214431315116
373,-0.0762774434564
374,-0.0409560069159
375,0.074600787103
376,-0.105095343192
377,0.00519435118061
378,0.0846759458648
379,0.117111373267
380,0.0210115639636
381,-0.0937106843693
382,0.0172623338645
383,-0.0202783077835
384,-0.0175551018876
385,0.0418146340776
386,0.0534936992183
387,-0.0500370869455
388,-0.0339820467694
389,-0.0672892278735
390,0.00324425967856
391,0.0741380051054
392,0.0805997339076
393,0.00845711729901
394,0.167434750828
395,0.0506349903153
396,-0.000201554853223
397,0.0430983322777
398,-0.0586789030458
399,-0.0218235884862
400,0.0795658855057
401,-0.097474981551
402,0.0486218208245
403,-0.0414417659818
404,-0.000625027839736
405,0.0734720711216
406,0.106573947999
407,0.0238682304683
408,0.0582970298744
409,-0.00566658024316
410,-0.0451734709387
411,0.0815725506474
412,0.0926690684865
413,0.037640616124
414,-0.0178586799718
415,-0.013561397451
416,-0.109647720194
417,0.0442342526666
418,0.0218522477231
419,0.0720132466998
420,0.0555404372571
421,0.0354336620088
422,0.0151750933963
423,-0.0321736386309
424,-0.058121621539
425,0.0305159161751
426,-0.0518098295881
427,0.0335548409684
428,0.0118671235454
429,-0.0110307304242
430,-0.040613023079
431,-0.0376745395614
432,0.0374014737674
433,0.0134426812166
434,-0.0554340785834
435,-0.134802600639
436,0.047502572514
437,-0.0228322531815
438,0.150766645981
439,-0.00612398055999
440,0.0115454215681
441,-0.0653370402524
442,-0.0202238036235
443,-0.0025368166403
444,0.0681432886262
445,0.0934470979953
446,0.0205581496065
447,0.0114939550596
448,-0.0275916448688
449,0.0743374345652
450,-0.00679073912667
451,0.0503134875165
452,0.0704354644766
453,-0.0154051314469
454,-0.0097030827832
455,0.0484723048229
456,0.0369443871378
457,-0.00309872464522
458,-0.0378633533303
459,0.134248352158
460,-0.0467228828614
461,0.0474688645116
462,0.0562937016092
463,-0.0224944040433
464,0.0116926842037
465,-0.071279779995
466,-0.167206400823
467,-0.00678711310431
468,-0.123589140201
469,0.052047689332
470,-0.044503542098
471,-0.065883891494
472,-0.0437363955618
473,-0.046387840567
474,-0.0318461394895
475,0.0418851590333
476,-0.0401377470037
477,0.0410103089124
478,0.000982838924845
479,-0.01712182137
480,0.0108256651823
481,0.0646232294026
482,0.067489783414
483,-0.130823621563
484,-0.0250328264533
485,-0.103887173008
486,0.117504805207
487,-0.0894440196772
488,-0.0134049922679
489,0.0301459994017
490,-0.0337956905838
491,0.0249971663976
492,0.012490954261
493,-0.0524042884952
494,-0.0201878466922
495,-0.00807201685271
496,-0.106740114823
497,0.0656515454112
498,0.073323972209
499,0.0192943027801
500,0.0805762672829
501,-0.0338738742256
502,0.0617483856639
503,0.0884170434502
504,0.0721504482454
505,-0.0573429140987
506,0.00470876072361
507,-0.0254098857587
508,-0.0656651986933
509,0.0419327443986
510,-0.0592431519946
511,-0.0706447902022
512,0.186798654308
513,0.00992597800474
514,0.105499032094
515,-0.08632609828
516,0.0214536474173
517,0.0644957188813
518,0.0928092611859
519,-0.00410288311087
520,-0.0700799822335
521,0.0244098244924
522,0.0246312660619
523,-0.00422261428933
524,0.0234199291212
525,-0.0369129163231
526,-0.0773307280718
527,-0.0655593250871
528,-0.0265993456688
529,-0.0263408895081
530,0.153008890204
531,-0.0927443023521
532,0.149716160571
533,-0.081841273831
534,-0.0360633165973
535,-0.0395068188149
536,0.149945532824
537,0.0300354415774
538,-0.0734547958492
539,-0.0409776045758
540,0.0122481953653
541,-0.130590257241
542,-0.0563390253326
543,-0.0194514503944
544,-0.0662315006477
545,-0.061214101531
546,-0.019407829111
547,-0.0211090760725
548,-0.0121223313906
549,0.016477283468
550,0.0230519313879
551,0.11788247059
552,-0.0014926427974
553,-0.01999560118
554,0.0434630446729
555,-0.00978044635925
556,-0.00382067776201
557,0.0465938234782
558,-0.0411619640725
559,0.0806285649977
560,0.0139136269147
561,-0.00263978914092
562,-0.0660700263542
563,0.0373107899165
564,0.0847654312725
565,-0.0257885628631
566,-0.0499400318561
567,-0.0280792204142
568,0.0633428965586
569,-0.001435477422
570,0.0376569946278
571,-0.00357156577817
572,0.0120606400139
573,0.0431237924474
574,0.0063817179368
575,-0.0495797543908
576,0.125463915087
577,0.0432907179393
578,-0.0107169538748
579,-0.0616966789548
580,-0.0144976925526
581,0.0358091361808
582,0.0324575801152
583,0.0512205190442
584,0.00168561275651
585,-0.047549349112
586,-0.0663985063555
587,0.108341719105
588,0.00386685678351
589,-0.089292016622
590,0.0779453123074
591,-0.00439079915672
592,0.111938186868
593,0.0478863422365
594,0.0155081713498
595,0.0264912843278
596,0.0247417394811
597,0.077638132722
598,0.00125146246072
599,-0.0201005482491
600,0.0231418664377
601,-0.058626393621
602,0.134826925788
603,0.0808545640003
604,-0.0751419268718
605,0.0840897466602
606,-0.013716213581
607,0.0302973255286
608,0.0600014475863
609,0.108070760207
610,-0.0285074321196
611,0.0125998048589
612,0.0111590684589
613,-0.0344316921887
614,-0.00592974286159
615,-0.0586475192922
616,0.0535419904699
617,0.113717473435
618,0.0348430416306
619,0.0125750352294
620,0.0765963640561
621,-0.113212301551
622,0.00881763738999
623,0.0656922696943
624,-0.0701631787736
625,-0.0461705425586
626,0.0307925415073
627,0.0493415622236
628,0.0112112745661
629,-0.00294046513287
630,-0.0943498540642
631,0.0104283875714
632,-0.0175700217516
633,0.0577566614906
634,0.0861971299557
635,0.0122598649328
636,0.0445464518064
637,-0.0827166505362
638,-0.0322100397982
639,0.0719370457475
640,-0.0211690152407
641,0.113382938727
642,0.00385490580215
643,-0.00238595771869
644,-0.0419451611944
645,-0.0112109868409
646,0.0354972294219
647,0.0515287555466
648,-0.000415030497407
649,0.0104787111821
650,-0.0173108179705
651,0.00443039858801
652,-0.000253469162482
653,-0.0046570517231
654,-0.0928254086908
655,0.0317608662927
656,-0.0256738213752
657,0.0748699196275
658,-0.0465469501116
659,-0.0104017521396
660,0.0110513136496
661,-0.0229882137825
662,-0.0945883785884
663,-0.108233199183
664,-0.00861959303891
665,0.0090660259785
666,-0.0375926465303
667,-0.169251833181
668,-0.0115924409234
669,-0.0338072144975
670,-0.0125426216527
671,-0.00827256837568
672,0.0245567245487
673,0.0346359505804
674,-0.0400747725356
675,0.0241681494859
676,0.0150415619454
677,0.0177892762355
678,-0.0208997778604
679,0.0618329298001
680,0.132868702223
681,0.0894642472712
682,0.0255456186366
683,-0.0948916975596
684,-0.0938991616232
685,-0.00263324156018
686,0.0782892576765
687,0.054377418166
688,-0.0191025409476
689,0.118449411608
690,-0.0460225187973
691,0.030097344118
692,0.000707745442506
693,-0.0132932785815
694,0.0166470473106
695,0.0560106281969
696,0.0207535255226
697,0.00453530526912
698,0.0695454863296
699,-0.0770812906932
700,0.0397486449955
701,0.0228587736929
702,0.0841301309005
703,0.140647609466
704,-0.0164045120735
705,0.0384200902604
706,0.0401752185936
707,-0.0074852194626
708,0.0161554781895
709,-0.0922487382217
710,0.00628497399967
711,-0.00278022225501
712,-0.0574541558131
713,0.0347886483674
714,0.0172630459795
715,0.00781080622135
716,0.00378398204777
717,-0.0515139874212
718,0.0383587887264
719,0.010419306637
720,0.0394292487358
721,0.0578291548181
722,-0.00874534086175
723,-0.0210139306748
724,-0.0122637230464
725,-0.0295365944099
726,0.0534302044125
727,-0.0272286063728
728,-0.0593720770362
729,-0.0657855258365
730,0.0176766754175
731,0.0206585016238
732,-0.087499611239
733,0.110705533717
734,-0.122120337928
735,0.0212552345894
736,-0.0650432196924
737,0.0386804483895
738,0.0581471225201
739,0.127374864182
740,0.144064504776
741,0.0706586548037
742,-0.0720360746655
743,-0.0301237996209
744,0.0134072257856
745,0.0316924183961
746,0.0831344376406
747,0.0785357795054
748,0.0285646408741
749,0.0947512325973
750,0.0845954975225
751,0.138718455875
752,0.0448189931887
753,-0.0178239149722
754,-0.0188181528913
755,0.0231168796047
756,-0.00941933767411
757,0.0340961742778
758,0.00112724670502
759,0.0372192659926
760,-0.0571595461013
761,-0.0817446014458
762,-0.0824212037557
763,-0.0195756646768
764,0.108162281115
765,0.047678913487
766,0.0422902404527
767,-0.0419766621668
768,-0.0654240390592
769,0.106069485295
770,0.0626165260052
771,0.091195842657
772,0.0368478574009
773,-0.103618431954
774,-0.0771515449782
775,0.107584344014
776,-0.00831511895798
777,0.0399824765311
778,-0.00526810438525
779,-0.021026237938
780,0.0136942873672
781,0.083911154433
782,-0.00952250819396
783,-0.0707115637333
784,0.0491235627811
785,0.0496973769299
786,0.174904784462
787,-0.0900369942715
788,-0.0180878329364
789,0.0234526372931
790,0.0843369242774
791,-0.0375536264169
792,0.10593276449
793,0.00869578347809
794,0.0234179443721
795,0.0228129129227
796,0.0111462738744
797,-0.0957740491824
798,0.0488085573392
799,0.0994608897421
800,0.0673529615495
801,-0.0583879939635
802,0.0684907318864
803,-0.0646277595697
804,0.0569253564037
805,0.0459123584655
806,0.0484174582236
807,-0.0206846498475
808,0.0941200117956
809,-0.0549714395569
810,0.0396283977837
811,-0.102001348348
812,-0.0423555041385
813,0.0908413147134
814,-0.0668480581454
815,0.0756554900426
816,-0.107412624238
817,-0.0129149197038
818,0.00931993269841
819,-0.0188478351479
820,-0.0156370812146
821,-0.00756625521922
822,-0.0562169674893
823,-0.00845281900531
824,0.0678300683397
825,0.0187152385155
826,-0.0207435997748
827,0.0119970345814
828,0.0292887196421
829,0.0862778518933
830,0.0678743495541
831,-0.0766733860865
832,-0.0818062246109
833,-0.0539506653179
834,-0.053793948988
835,-0.0458800740056
836,0.0505775836813
837,-0.0119320738361
838,0.141979846021
839,-0.0138859596296
840,-0.0308014149999
841,0.0191518614177
842,-0.0822676695767
843,0.00721014063244
844,-0.030131639889
845,-0.0424782646192
846,-0.0214998382582
847,0.0466998731558
848,-0.0205626120749
849,-0.0665351066265
850,0.0114749200559
851,0.0508761225471
852,0.0792991489654
853,-0.0136077682256
854,-0.0799899537234
855,0.00393694269495
856,-0.0104863749127
857,-0.0457875440461
858,-0.00337566356604
859,0.0490418438679
860,-0.0843695259402
861,-0.00750290369304
862,0.0405618851654
863,-0.13787029992
864,0.00474760657013
865,-0.0017236853272
866,0.0403388465185
867,0.0399889160948
868,0.00723240235444
869,-0.0211654592853
870,-0.0217271427868
871,-0.0162107399033
872,-0.0676342312301
873,0.0352556463893
874,-0.0322285744868
875,-0.0865211216143
876,0.00181768499381
877,0.0092249907282
878,0.0802145416416
879,0.0215346360633
880,-0.0163009610578
881,0.0859312361483
882,0.00732130370314
883,-0.0519419355959
884,0.056079076465
885,-0.0199315963132
886,-0.0415969373871
887,0.0210547593644
888,-0.00775465502442
889,0.0335325611428
890,0.00406172104797
891,0.0370814255746
892,-0.0276426180726
893,0.0153047352455
894,-0.107489107952
895,0.0222061390709
896,0.0124771579819
897,-0.0417081162508
898,-0.0164618569872
899,-0.0450166639863
900,0.13214785905
901,-0.0232276826977
902,-0.0535466341251
903,-0.0161989270282
904,0.0847829081939
905,0.0534041254117
906,0.0686794379745
907,0.0376600203716
908,0.0165046811816
909,0.0260203530431
910,0.145032951158
911,-0.0308365073743
912,-0.0111856679857
913,0.0178992387509
914,0.0597724724162
915,0.120455483943
916,-0.118082342183
917,0.0376167834554
918,0.00864248306404
919,-0.047728718814
920,-0.0203289746464
921,0.0149064423716
922,0.0137373429744
923,-0.0137503153296
924,0.0509086459102
925,0.00168632855942
926,-0.0407436105105
927,0.093634827795
928,-0.0433797139708
929,-0.119416722689
930,-0.0858997128142
931,-0.0327383802485
932,-0.0734474114488
933,0.0472657141034
934,-0.00248868214478
935,-0.0140229731455
936,-0.0144777026199
937,0.0403673115438
938,-0.070138867363
939,0.0180165729835
940,0.00458274951836
941,0.0311847300666
942,-0.0108625896077
943,0.0498816250969
944,0.0238005472015
945,-0.0228419766147
946,0.0466887935385
947,-0.0511710342239
948,-0.0478623647914
949,-0.0111407139971
950,-0.018410944708
951,-0.0241848627807
952,0.0513717975968
953,-0.0590456347034
954,-0.0487045848172
955,0.0219501988226
956,0.0122766591266
957,-0.0468553141781
958,-0.0994608844155
959,-0.047487919336
960,-0.0514231459057
961,-0.0222485309118
962,-0.0522148134607
963,0.00923862940274
964,-0.04646115504
965,0.0324395312698
966,-0.0853475835797
967,0.0286563405241
968,0.0438689500642
969,0.0366693273449
970,-0.0197746525644
971,-0.0170610729943
972,0.0725297212803
973,0.0460284292418
974,-0.0126986066565
975,0.016586680893
976,-0.00754345266164
977,0.0280597349248
978,-0.0137374337603
979,0.0925322387027
980,0.00397881337243
981,0.0217890329733
982,-0.0183806961403
983,-0.0244509891561
984,-0.0846143870654
985,-0.0846076883583
986,-0.00553415931571
987,0.0301991731442
988,0.00512294038781
989,-0.0421386468058
990,-0.0265744813246
991,0.0519737680383
992,0.000232636491895
993,0.0109523054244
994,-0.0213569275295
995,-0.0372812131153
996,0.0121965321431
997,-0.0572140156578
998,-0.054715981137
999,-0.0385781085861
1000,0.0693608653871
1001,-0.0622374270869
1002,0.0272754565789
1003,-0.127285749363
1004,0.0251337952349
1005,-0.0769411854163
1006,-0.0284848663442
1007,0.115712862502
1008,-0.0825287818999
1009,-0.0508295715239
1010,0.08828862077
1011,-0.117011011949
1012,0.0143615249866
1013,0.102143841932
1014,-0.0130859544276
1015,-0.0510203918109
1016,0.0179594029894
1017,0.0877106829479
1018,-0.0764890377235
1019,-0.0632500484545
1020,0.0549312217398
1021,0.0242510592479
1022,-0.00693577096212
1023,-0.0604870408106
1024,0.0452712627325
1025,0.0179244370464
1026,0.0121433666306
1027,0.016630268754
1028,0.0114736386838
1029,-0.00653795329313
1030,0.0420519427925
1031,-0.0119306014123
1032,-0.0297262892717
1033,0.00086242804796
1034,0.0179507918264
1035,-0.0103792882179
1036,0.0641560813974
1037,-0.00721547749513
1038,-0.00347157913098
1039,0.0711846479948
1040,0.0821351624876
1041,0.0944381291908
1042,-0.0591517491031
1043,-0.0194563332042
1044,0.0473643771325
1045,0.000641163570575
1046,-0.000571104022339
1047,0.0574893040675
1048,-0.0696182265446
1049,0.0245624569411
1050,-0.00593409890538
1051,-0.088434134989
1052,-0.0679301837405
1053,0.0227828222851
1054,-0.087736432389
1055,0.0616591230841
1056,0.0404188250374
1057,0.0319640604861
1058,0.0720742462584
1059,0.0543305231374
1060,-0.047498477647
1061,0.0189912316125
1062,-0.0382213659247
1063,0.0277537117493
1064,0.0260555003063
1065,-0.00789194466806
1066,-0.0406311275209
1067,-0.0634681970666
1068,0.0522108478878
1069,-0.0155542609078
1070,0.0461997181361
1071,-0.0693479359806
1072,-0.0543487603838
1073,0.0866275974083
1074,-0.0170723029718
1075,0.0112885546204
1076,-0.0150305674997
1077,0.0229106024211
1078,-0.051396587938
1079,-0.0628013021726
1080,0.0425731402057
1081,0.08723113134
1082,0.00285297539936
1083,-0.0441073872782
1084,0.0147033919379
1085,-0.0606156761061
1086,0.080388929567
1087,-0.050459960589
1088,-0.0676000208589
1089,0.105249590927
1090,0.0260969547346
1091,0.0141433895419
1092,0.036680064568
1093,-0.0424447693438
1094,-0.028265716172
1095,-0.0598970402976
1096,0.15038328943
1097,-0.0309519824475
1098,0.0351405298198
1099,-0.00532682890589
1100,0.039173453152
1101,0.000990768423656
1102,0.0755630069228
1103,0.0186901876768
1104,0.0112490828587
1105,-0.0655363889776
1106,0.000419773762346
1107,-0.0428071033542
1108,0.0842585811465
1109,0.0388333738501
1110,0.0691235624152
1111,-0.0135517075198
1112,-0.114683922974
1113,0.0914135860285
1114,0.00157100431635
1115,-0.0463623786594
1116,0.00322928046067
1117,-0.0529124637968
1118,0.0454596770805
1119,0.048979314491
1120,0.0867558908249
1121,0.0355244261367
1122,-0.00232801867753
1123,-0.023728369016
1124,-0.0150870384363
1125,-0.0366140942667
1126,-0.0656914430596
1127,0.0281579655867
1128,-0.00980991768279
1129,-0.0265093520686
1130,0.0419393249086
1131,0.0286624779346
1132,-0.0787947345395
1133,0.0429630168753
1134,0.0511453223355
1135,-0.0646229763352
1136,0.081216186425
1137,0.0342066752135
1138,-0.0670082862912
1139,-0.0470089653245
1140,0.0151908669688
1141,0.0540767870145
1142,-0.0733276108366
1143,-0.0723032485085
1144,-0.044430625757
1145,0.0344260471021
1146,-0.0147871304481
1147,0.0164921286847
1148,0.0418570126415
1149,-0.0406067355391
1150,0.0576017456314
1151,0.061014437847
1152,0.0235593863345
1153,-0.0384953516922
1154,0.0717789026901
1155,0.00531616850287
1156,0.0228964979556
1157,0.036617171404
1158,-0.0266238314048
1159,-0.00764325182166
1160,-0.0303712248589
1161,-0.0453916457072
1162,0.0198488288961
1163,0.0168227425496
1164,0.113100193284
1165,-0.0758381637595
1166,-0.00470875434893
1167,-0.0408700354938
1168,0.0603133118455
1169,-0.0747558657598
1170,0.0124452714422
1171,0.0541776397761
1172,0.0258998138096
1173,-0.0101860707541
1174,-0.0489706577729
1175,-0.016095146564
1176,0.0520158187297
1177,0.000470357728633
1178,0.0426983968262
1179,-0.0292812751014
1180,0.0552709903347
1181,0.0328440732745
1182,0.0322321792346
1183,0.0350448037548
1184,0.00528965159688
1185,0.120554898445
1186,-0.0246658314837
1187,-0.0111430437784
1188,0.000417479544709
1189,-0.0285658287078
1190,0.017274993317
1191,-0.0464647957168
1192,0.0918695595856
1193,0.0207488182276
1194,-0.101813563189
1195,-0.0831370602096
1196,0.00565861652345
1197,0.126516543399
1198,-0.0671131467803
1199,-0.0348404217504
1200,0.0165321693618
1201,0.0475434880506
1202,0.044529810765
1203,-0.00594672268185
1204,-0.0374752191306
1205,-0.0882018196214
1206,0.0437004404434
1207,0.00420506629361
1208,0.0981459341524
1209,0.0453844771853
1210,-0.0019672834186
1211,-0.0570761730971
1212,-0.0598789158731
1213,-0.000845177674608
1214,-0.0538159159965
1215,0.0348143282763
1216,0.0418444046006
1217,0.104397267187
1218,-0.0530424246754
1219,0.0288235559033
1220,0.00438751783504
1221,-0.0366707266008
1222,0.00556906167644
1223,-0.0202051890505
1224,-0.0266405223362
1225,0.0583552897331
1226,0.0155436036937
1227,-0.0943434227553
1228,-0.0989697127918
1229,0.0303300679673
1230,0.120974704482
1231,-0.0458604188304
1232,0.023088574098
1233,0.0703193334309
1234,-0.00351629898276
1235,-0.0573462209006
1236,0.102442205458
1237,-0.0590620652537
1238,-0.0207540344669
1239,-0.0516024383955
1240,-0.0770378888472
1241,0.0683415919907
1242,0.0986435948059
1243,0.0956476841707
1244,0.0136337380081
1245,-0.0236015872606
1246,-0.00899963048029
1247,0.0631911115177
1248,-0.0661733709071
1249,0.0428345409828
1250,-0.00493308987687
1251,-0.0409706422315
1252,0.086263392454
1253,0.0271787664004
1254,0.0834092337545
1255,0.0696130619234
1256,0.147345337598
1257,0.0220027600371
1258,0.062520118927
1259,0.0581457317258
1260,-0.0978668643556
1261,-0.0832355896448
1262,-0.0619194732235
1263,-0.0365775134612
1264,0.07032518817
1265,0.05817918633
1266,0.0639330888455
1267,0.0432638286081
1268,-0.0430758551985
1269,-0.00889640076745
1270,0.046339743358
1271,0.00961357769255
1272,-0.0232606961589
1273,0.0655125022654
1274,-0.0785365417589
1275,0.0295628279653
1276,0.107104617072
1277,0.0823475023166
1278,-0.115996465943
1279,0.0333152114272
1280,-0.0126829673621
1281,-0.034789869846
1282,0.0215172386231
1283,0.0341178992955
1284,0.0469355148146
1285,-0.0668902396245
1286,-0.0377748942527
1287,0.0418939918167
1288,-0.0434785539552
1289,-0.0221340688794
1290,-0.0379207350411
1291,-0.000570905561048
1292,-0.0767357253924
1293,0.0655109916305
1294,0.107762567998
1295,0.0342498510968
1296,-0.0617982673042
1297,0.159331728612
1298,-0.0663097354697
1299,-0.0306922659764
1300,0.0164410114439
1301,-0.0572409235439
1302,-0.133750062889
1303,0.113100148505
1304,0.0232376763576
1305,0.037310231098
1306,-0.00605992545423
1307,0.0317337889689
1308,0.124583997182
1309,-0.0334480511786
1310,0.00541596283518
1311,0.0498879496565
1312,0.0159335486497
1313,0.00317286089516
1314,-0.0460662307142
1315,0.0397175258303
1316,-0.0762996538001
1317,-0.0294974212307
1318,-0.0156574451457
1319,0.00302410865258
1320,0.0838470396619
1321,0.00431982425891
1322,-0.0345053375923
1323,-0.0409009663709
1324,-0.105038137434
1325,0.0354125680162
1326,0.0363825062377
1327,0.00369501295848
1328,0.0376049129578
1329,-0.0508876589499
1330,-0.0453011631146
1331,0.0841207544614
1332,0.120694262947
1333,0.0298579211073
1334,-0.0132368482234
1335,0.0221637497216
1336,0.123736647574
1337,-0.00508781539146
1338,0.0768678874199
1339,-0.0123193275032
1340,-0.0355150287361
1341,0.047157089059
1342,-0.008734135866
1343,-0.0399392062748
1344,0.0869746649857
1345,0.0393264262068
1346,0.0263859901666
1347,-0.0206072451506
1348,0.105428477426
1349,-0.0685072918133
1350,-0.0844846872131
1351,-0.0132723127656
1352,-0.0999944734154
1353,-0.0714337734886
1354,-0.027421081232
1355,0.0196720623943
1356,0.0204250636203
1357,-0.0381526415653
1358,0.00849983322859
1359,-0.0334703618363
1360,0.0251481888362
1361,0.130701853175
1362,0.0492620054274
1363,-0.0491907855148
1364,-0.0502495362024
1365,-0.0668014705543
1366,-0.0878014164127
1367,0.0247077475424
1368,-0.0791079447686
1369,0.00713183305569
1370,0.0201022023093
1371,-0.0839452978569
1372,0.0355732332172
1373,-0.0205945889701
1374,0.0595941935688
1375,-0.0584004942208
1376,0.0453906305586
1377,0.00123779139698
1378,-0.126503069905
1379,0.0334464014925
1380,-0.0172677439743
1381,0.067168283284
1382,0.00110217602946
1383,0.0403467404697
1384,-0.035478035388
1385,0.043534653493
1386,-0.0572497218236
1387,-0.0974566134112
1388,0.0363759957921
1389,-0.0814590559616
1390,0.0695670583836
1391,-0.057175098108
1392,-0.0499532567701
1393,0.104741155033
1394,-0.0701845847183
1395,-0.024074878828
1396,0.0164226802218
1397,-0.0268682214625
1398,-0.00764351188338
1399,0.0123326397371
1400,0.000885257224971
1401,0.0664680342166
1402,-0.0359593255897
1403,0.0120791871638
1404,-0.0552088200689
1405,-0.0852079382035
1406,0.104992041966
1407,-0.0947416484145
1408,-0.0342342818998
1409,0.00590037724951
1410,0.0178093611748
1411,-0.0240426873424
1412,-0.0948604921687
1413,0.0530240210848
1414,-0.0246510981808
1415,-0.0574847642755
1416,-0.0145132856584
1417,0.0112690150888
1418,-0.0685724633382
1419,0.00426309960477
1420,0.0458397928077
1421,-0.00364013036679
1422,-0.00159099691994
1423,-0.00115309347044
1424,-0.0514196540446
1425,0.0271923283648
1426,-0.0531160207318
1427,-0.0534645422202
1428,0.0438894154656
1429,-0.0794198552988
1430,0.105023042945
1431,0.0407065718005
1432,-0.0310357176044
1433,-0.0932009754893
1434,0.0761591809286
1435,0.0214841296428
1436,-0.0156175455466
1437,-0.0743490977384
1438,0.0134042562396
1439,0.0305759051986
1440,0.0325518239994
1441,0.0665704826781
1442,-0.00671764630038
1443,0.00157010349985
1444,0.0566938185772
1445,-0.0472297074792
1446,-0.161923950639
1447,-0.0238117291672
1448,0.0393343041523
1449,0.0854832268095
1450,0.00434332539543
1451,0.025005930732
1452,0.0618544313183
1453,0.0247537223155
1454,0.0272090663505
1455,-0.0155103178742
1456,-0.00630860769639
1457,-0.00657358399487
1458,-0.0131535943017
1459,-0.02824804049
1460,0.0461347722792
1461,-0.055584207238
1462,0.0344191963926
1463,0.00772618205174
1464,-0.0603384038141
1465,0.0780746517665
1466,0.0208479964434
1467,0.11479922536
1468,0.110685511193
1469,0.0495105177226
1470,0.000723381001311
1471,0.0506637816129
1472,0.0696450338287
1473,-0.0266890958372
1474,-0.0303582614776
1475,0.0123926625609
1476,-0.0101025773675
1477,-0.00783052959624
1478,0.00286929607589
1479,-0.0914397658696
1480,-0.0258925504112
1481,0.0626829600144
1482,0.121769949106
1483,0.00708564724246
1484,-0.106264782766
1485,0.0555824661883
1486,0.00359041170319
1487,0.0453204283429
1488,-0.112270546164
1489,-0.0501145301602
1490,-0.0876352548731
1491,0.11769110091
1492,0.0508461862141
1493,0.0231156857065
1494,-0.0742246581615
1495,-0.00747547950867
1496,0.0133749180694
1497,-0.00117755210434
1498,-0.0248955551882
1499,0.0278561411375
1500,0.00172530299931
1501,0.0519210349188
1502,0.053110436429
1503,0.0371078916714
1504,0.0102493646095
1505,0.0346671816387
1506,-0.068948764109
1507,-0.0688896243677
1508,0.0173028876592
1509,-0.0468606546624
1510,-0.0329104313229
1511,-0.0408324846064
1512,0.00139920632757
1513,-0.0282464206573
1514,-0.00368867175748
1515,-0.0107432518328
1516,0.0476691528432
1517,-0.0128936666885
1518,-0.0629968755103
1519,0.0798261758557
1520,0.15057813893
1521,0.0547947068158
1522,0.00561413615409
1523,0.0529233750605
1524,0.0856994723441
1525,0.0280221336648
1526,-0.0899000916894
1527,-0.0479049359435
1528,0.0670252512026
1529,0.0580356107968
1530,0.0375136911008
1531,-0.0388039085129
1532,0.016983428507
1533,-0.0216248737344
1534,-0.040122027428
1535,-0.0301971368016
1536,-0.112276110504
1537,-0.0386308033101
1538,0.0591787514953
1539,0.0132318202662
1540,0.0691303173141
1541,0.0919054824342
1542,0.0131844246664
1543,-0.00294694356421
1544,0.0106653728229
1545,0.0192160937532
1546,0.0619057181227
1547,-0.0421281744456
1548,0.0144395639281
1549,0.0226298211356
1550,-0.134923948681
1551,-0.00964878839225
1552,-0.000831448821254
1553,0.00855135180884
1554,-0.0314786291826
1555,-0.0201512523189
1556,-0.0367577160252
1557,0.0337016577925
1558,0.0115535468932
1559,-0.0266335870803
1560,-0.0652483489619
1561,0.108198353163
1562,-0.0428928878482
1563,-0.0492553915498
1564,0.0183303895727
1565,-0.0751299679221
1566,0.0566737334045
1567,-0.0336008125117
1568,-0.0713707076847
1569,-0.0158389904463
1570,0.00896762299
1571,0.045958786388
1572,0.0514086101419
1573,0.144668997111
1574,0.0622190436055
1575,-0.00352011028869
1576,0.0768536946437
1577,-0.0957360331414
1578,-0.0523247916818
1579,-0.075616260685
1580,-0.0850110294324
1581,0.0711360836917
1582,0.0172296641912
1583,0.0772923128882
1584,0.0264846145452
1585,0.0722693737036
1586,-0.0609994462754
1587,0.0253916995407
1588,0.0270381083441
1589,-0.0723121107904
1590,0.17639873069
1591,0.074703230522
1592,-0.0746123885463
1593,0.0396477815254
1594,0.0491590381599
1595,-0.0439816635514
1596,-0.0336572490751
1597,0.0355371040537
1598,-0.0159728787403
1599,-0.0638596073387
1600,-0.0157429854196
1601,0.0367091493339
1602,-0.0444489515668
1603,-0.0307461568399
1604,-0.0233010519318
1605,0.148362961962
1606,-0.00124485669687
1607,0.0239199410336
1608,0.0116515606568
1609,0.0970235943172
1610,0.0165957623367
1611,0.0126022566925
1612,-0.126062923974
1613,0.00514058798471
1614,0.0184878871368
1615,-0.0284401980269
1616,0.0371192059881
1617,0.0979846951611
1618,-0.0609130795768
1619,-0.0158240184132
1620,-0.0802549215672
1621,-0.0853819681444
1622,0.00627500317412
1623,0.0578506666642
1624,0.00122918194246
1625,-0.0693791502304
1626,0.0187541107679
1627,-0.0168471997416
1628,0.0695565893188
1629,0.0139810856867
1630,0.109220120211
1631,-0.0368095405165
1632,-0.0105710093272
1633,0.013238769331
1634,0.0256928829536
1635,0.0157206023785
1636,-0.0277214221949
1637,-0.0861047962354
1638,-0.0370714674184
1639,-0.0117270379211
1640,-0.0200740769903
1641,0.0371020309278
1642,0.0291403069485
1643,-0.0145433482016
1644,0.0251238821154
1645,-0.0537724425772
1646,-0.0484262201216
1647,0.125209891856
1648,0.114877457402
1649,-0.0333580042737
1650,-0.0720172598688
1651,0.0741522669613
1652,0.00642807841695
1653,0.0377561693745
1654,0.0788090924939
1655,0.000576017205908
1656,0.0569565807192
1657,-0.0280609501986
1658,-0.0400082601658
1659,-0.0550806634738
1660,0.02357594313
1661,0.0182937344322
1662,0.0410080996811
1663,-0.0449363026418
1664,-0.151801053296
1665,0.0049921622882
1666,0.0832058027573
1667,0.0949083130516
1668,-0.0398059613938
1669,-0.165367380808
1670,-0.0530490816475
1671,-0.0966835779114
1672,0.076193230014
1673,-0.0916690704439
1674,0.030167458236
1675,0.0587310959368
1676,0.0290856040145
1677,-0.0396325347832
1678,0.0678165703007
1679,-0.0651210991514
1680,-0.0630475101686
1681,-0.0628205570709
1682,-0.0155239150335
1683,-0.0693253151515
1684,-0.0520310601944
1685,0.0626289943024
1686,-0.0336911847961
1687,-0.051983893088
1688,0.0273922025337
1689,-0.0677885139032
1690,0.0133382922648
1691,0.0628578466701
1692,0.00651281508089
1693,-0.00367453398836
1694,0.0719912299834
1695,-0.109129821366
1696,-0.181090447516
1697,0.00608826772416
1698,0.0212623738241
1699,0.0207740269056
1700,-0.0778409504039
1701,-0.0111498302826
1702,-0.000287284046832
1703,-0.0442629605682
1704,0.0329368623429
1705,-0.0354666103652
1706,-0.0237477602135
1707,-0.054601373571
1708,-0.0869020497063
1709,-0.017567451164
1710,0.0362764789169
1711,-0.0803543202786
1712,-0.126261411477
1713,-0.0245121186405
1714,0.0836081420231
1715,0.135628986381
1716,-0.0190747059155
1717,-0.0328397970808
1718,0.0299171951693
1719,-0.0534483252912
1720,0.0304075372449
1721,0.0377250879137
1722,-0.0900898364544
1723,0.0233882962275
1724,-0.00730864125374
1725,0.0105950211722
1726,0.0352835071346
1727,0.0460601084646
1728,-0.0692129282574
1729,-0.0106861333052
1730,0.0293090571374
1731,0.0640889333472
1732,-0.0442765358865
1733,-0.0278804508574
1734,0.0723382372806
1735,0.059385206439
1736,0.0204668920936
1737,0.118796676931
1738,-0.0480698775
1739,-0.0525479907772
1740,0.0149632825154
1741,0.103006891552
1742,0.0230013007296
1743,-0.101922216584
1744,0.027456777228
1745,-0.0748291620045
1746,-0.0143642687211
1747,-0.0244934949112
1748,0.020323334932
1749,0.0305011001062
1750,0.0421522484327
1751,0.0184821864148
1752,0.020196355989
1753,0.000514642943575
1754,0.000645767734549
1755,0.100479995747
1756,0.0456950416529
1757,0.0255706214361
1758,-0.0474098656569
1759,-0.0736964053897
1760,0.0380073990688
1761,-0.0291522294677
1762,-0.0362981261721
1763,-0.0668844768186
1764,0.00575818263229
1765,-0.0122519717222
1766,-0.0274968037737
1767,0.0445061030395
1768,0.0567265353513
1769,0.0648025510666
1770,-0.021459902826
1771,0.00798145983866
1772,0.00312904655141
1773,-0.0294207639323
1774,-0.05098605039
1775,-0.125362678067
1776,0.0908209570284
1777,0.0637631938252
1778,-0.0857838641153
1779,-0.0411259912113
1780,-0.0266497664891
1781,0.0975309163105
1782,0.115829808826
1783,0.0534652763017
1784,0.00847955556154
1785,-0.0290310622501
1786,0.11699851855
1787,0.0281757910332
1788,-0.0639154223873
1789,-0.0365087470067
1790,-0.0874580068844
1791,-0.00638829568004
1792,-0.0685086218142
1793,-0.0668145439572
1794,-0.00141624700328
1795,0.0271011916069
1796,-0.0467823904102
1797,0.0561464313206
1798,0.0372877769661
1799,-0.0701949265845
1800,-0.0147922311579
1801,0.0735495637176
1802,-0.0320951784824
1803,-0.000422754008802
1804,-0.0711579431393
1805,-0.0550155767542
1806,0.00809614204837
1807,-0.00649949726007
1808,0.10865002398
1809,0.103426040336
1810,-0.0466675315645
1811,0.0169555824229
1812,-0.0388586423303
1813,0.073637292027
1814,0.109168002495
1815,-0.0504070956372
1816,0.0770101752016
1817,0.0594141704155
1818,-0.0284869232648
1819,0.02345901309
1820,0.0241223489707
1821,0.0737716259372
1822,-0.0821775645582
1823,0.047157536684
1824,-0.0506575066646
1825,0.0664548624978
1826,0.0571154662863
1827,0.0666970239491
1828,0.0308745945889
1829,0.0672749905696
1830,-0.029901277291
1831,-0.00260795120653
1832,0.0012288566183
1833,0.0251505870051
1834,-0.0895614427593
1835,0.101120362167
1836,-0.0442389279025
1837,-0.0230976853427
1838,0.0436933313767
1839,0.0878306584549
1840,0.0831804466587
1841,0.0718120366108
1842,-0.0433994195837
1843,0.153272258165
1844,0.000326485448192
1845,-0.0306624496977
1846,0.0221352191525
1847,-0.00115590413301
1848,0.046450154775
1849,0.0251381517816
1850,0.0525445964663
1851,0.072300541486
1852,-0.140743410672
1853,0.0343972172587
1854,-0.00368639572648
1855,-0.0863981236944
1856,0.0133507731122
1857,0.0640518051519
1858,-0.0160062623711
1859,-0.0785642966568
1860,-0.0590504767379
1861,-0.0433561703949
1862,-0.0330263925983
1863,-0.0145798281121
1864,0.0621094612791
1865,-0.0707435773428
1866,-0.0162822955499
1867,0.00202703711986
1868,-0.125285903162
1869,0.00532945407268
1870,-0.00109915678506
1871,0.0971091608615
1872,0.0581491620062
1873,0.113272396684
1874,-0.0486199333326
1875,-0.0270658023856
1876,0.102436310024
1877,-0.0304206858808
1878,0.0355564043793
1879,-0.000700580746114
1880,-0.0151389893748
1881,0.103655416004
1882,-0.0534119180699
1883,0.0236906839696
1884,0.00892304054096
1885,0.00294503388825
1886,0.0209440350962
1887,0.0292732706806
1888,0.00406060659239
1889,0.0351700214741
1890,0.0524859953988
1891,0.0557382479976
1892,-0.0548354590296
1893,-0.112691593156
1894,0.0418068821657
1895,0.0292290357478
1896,-0.036877800279
1897,-0.0202375682883
1898,0.0517411659793
1899,0.00998967707167
1900,-0.0131285558145
1901,0.0256492356375
1902,0.118560488225
1903,0.073825684189
1904,-0.0377295638031
1905,-0.0190707785049
1906,0.0034430227637
1907,0.0661764552851
1908,0.107335735439
1909,-0.000556384472988
1910,-0.029125160547
1911,-0.00356824650817
1912,0.0246029963669
1913,-0.049426874739
1914,0.0186620037799
1915,-0.0575793974394
1916,-0.0248076193316
1917,0.0267026904117
1918,0.15838476778
1919,-0.0562520144176
1920,0.00146849543093
1921,0.089074121311
1922,-0.0370358368284
1923,0.0332727900379
1924,-0.0448608494077
1925,-0.0979860409351
1926,-0.0167170154242
1927,0.00887514694291
1928,-0.0349394190877
1929,-0.0340064138565
1930,0.0512305194833
1931,-0.0340910360393
1932,-0.0374481487313
1933,0.0517101674191
1934,0.0460931564477
1935,0.104763164626
1936,0.0221979522952
1937,-0.117909286755
1938,0.0441096277801
1939,0.013768898053
1940,0.0113280824733
1941,-0.0253272574709
1942,0.0849867635688
1943,-0.00389305433602
1944,0.0149790075997
1945,0.0522268209899
1946,-0.0132956768956
1947,0.105429699854
1948,0.119619108569
1949,-0.049053664835
1950,0.0312009301624
1951,0.0276760820698
1952,0.0444900321293
1953,-0.00806243860067
1954,-0.0515609427303
1955,0.0133100241376
1956,0.0271060755988
1957,0.0464336687347
1958,0.0338862663071
1959,-0.105248251304
1960,0.0906491048297
1961,0.0397795401085
1962,0.0676534735542
1963,0.0201073632511
1964,-0.0112875517138
1965,-0.0394132975519
1966,-0.144822313861
1967,-0.059884990841
1968,-0.105436418148
1969,0.037616151412
1970,0.0702702730964
1971,0.0506757348676
1972,-0.120069550664
1973,0.0383104927706
1974,0.125860857278
1975,0.0109435530011
1976,-0.0112490739151
1977,0.0587668902725
1978,-0.0119828487632
1979,-0.0588231695507
1980,0.033212080518
1981,-0.0338973530349
1982,-0.0185506881306
1983,0.00643766886157
1984,-0.0383488935321
1985,0.0374417142193
1986,-0.129962575606
1987,0.0619941325394
1988,-0.0988195615846
1989,-0.0987090621787
1990,0.0330795435264
1991,-0.0269311335026
1992,-0.0663860482204
1993,-0.0767184359421
1994,0.0640026175666
1995,-0.0344318113327
1996,0.0259852893643
1997,0.00229353081616
1998,-0.0599067130028
1999,0.0662429366809
2000,0.0972354385326
2001,-0.0198975552197
2002,0.0712074083385
2003,-0.0107827642195
2004,0.0712816385388
2005,0.0303098519988
2006,-0.00661293117344
2007,-0.0500254071052
2008,0.059878023749
2009,-0.0181666410563
2010,0.0157779235234
2011,0.103806120981
2012,0.00664739381568
2013,0.0222294038476
2014,0.0804984399143
2015,0.104719778542
2016,-0.00994375097315
2017,0.0990539330177
2018,0.0403596167475
2019,0.0526060785302
2020,-0.000105850263532
2021,0.0596259330113
2022,-0.0540357412597
2023,-0.0600460799253
2024,-0.0123548172005
2025,0.0179799180015
2026,0.0154411350495
2027,0.0926933520067
2028,-0.125191275357
2029,0.0642862941981
2030,-0.0593357773882
2031,-0.0264741110842
2032,0.0265583737856
2033,-0.0547332407525
2034,0.0526756741114
2035,-0.0299569229827
2036,0.0158413288477
2037,0.0487994062371
2038,-0.0279076125163
2039,-0.017927161871
2040,0.0998053271593
2041,0.0249141666086
2042,0.0613314059965
2043,-0.0415334922468
2044,-0.0520713435115
2045,0.0351817347359
2046,0.0071990786873
2047,0.0588881734603
2048,-0.0737083786456
2049,0.0380782047525
2050,-0.0526006654591
2051,-0.186023188227
2052,-0.0529932923088
2053,0.0123649902154
2054,0.0781058280949
2055,0.00259366396578
2056,0.0540032803875
2057,0.0115107392647
2058,-0.0758602325266
2059,-0.0366604171095
2060,-0.0376864071968
2061,-0.000236077716133
2062,-0.0154156167844
2063,0.0732912016296
2064,0.0906008527758
2065,-0.030473067026
2066,0.0215787253499
2067,0.0979624991718
2068,-0.0206045150754
2069,0.132920661869
2070,-0.0592401000254
2071,0.103625487695
2072,-0.0806082872911
2073,0.00611083003934
2074,-0.0538286032105
2075,-0.1081681895
2076,-0.0413344838609
2077,0.0594323623548
2078,-0.0317563501259
2079,0.0548095065097
2080,0.0243720060745
2081,0.0258791736727
2082,-0.00087820206716
2083,-0.0485206735186
2084,-0.0459359593996
2085,-0.142842231525
2086,0.00907928202238
2087,-0.0069967581983
2088,0.0729222798798
2089,0.0222775825505
2090,0.0203273455406
2091,0.00525716142879
2092,-0.0325214197196
2093,-0.0264964717866
2094,0.0640437997416
2095,0.107899556658
2096,-0.139447924092
2097,-0.0308471383078
2098,-0.0987671329638
2099,0.0328306148091
2100,0.028791359355
2101,0.0252448992054
2102,0.0254353591077
2103,0.132740407394
2104,0.00512904814985
2105,-0.094958978204
2106,-0.109613281462
2107,-0.0198668771126
2108,0.101338923412
2109,-0.0125211043158
2110,-0.00319573565196
2111,-0.00037475285762
2112,-0.0441587543546
2113,-0.0825922654524
2114,-0.00667996624002
2115,-0.0801430797548
2116,-0.0474303210024
2117,-0.0374239042891
2118,0.0449031076006
2119,-0.0533719291739
2120,0.133593508956
2121,0.013078038454
2122,-0.0120549969612
2123,0.0326817064521
2124,0.028551831583
2125,-0.0242227423901
2126,-0.0314478709737
2127,-0.0958045015719
2128,-0.00229328433648
2129,-0.0687570980612
2130,0.0451420570224
2131,-0.0568251281296
2132,-0.0513291700206
2133,0.0593586056996
2134,0.0951682257369
2135,0.0587172645578
2136,-0.0837430831095
2137,0.0725552982424
2138,0.0726565002908
2139,0.0325163821754
2140,-0.083866635133
2141,0.0784947833437
2142,0.0978696269046
2143,0.121174232812
2144,0.100995994299
2145,0.0304132559622
2146,0.000794676806802
2147,0.00203732846993
2148,0.13057438898
2149,-0.02363859513
2150,-0.0078787605485
2151,0.0702177806782
2152,-0.0429144849986
2153,-0.0155051187415
2154,0.105071787322
2155,-0.10449341694
2156,-0.0846523415049
2157,0.0254692530039
2158,-0.0698787820634
2159,0.0282645244789
2160,-0.0667071263086
2161,0.0173429675271
2162,-0.030272359313
2163,0.0768800781391
2164,-0.00815497031729
2165,0.0293004943314
2166,0.00831716662495
2167,-0.0507967431734
2168,0.0353267405163
2169,-0.0718440770299
2170,0.0391311773236
2171,0.0138977126787
2172,0.00543578378171
2173,0.0334374336199
2174,-0.0888962099224
2175,0.00631286245025
2176,0.0419294607786
2177,0.0177843922564
2178,-0.0306863132233
2179,-0.037763327334
2180,-0.0330532797455
2181,-0.0146842260549
2182,-8.99498917741e-005
2183,0.115065492859
2184,0.0710583580126
2185,0.114263300059
2186,-0.116973891604
2187,0.0556563609037
2188,-0.119464959317
2189,-0.0316348220987
2190,-0.000948745156485
2191,-0.0296238960553
2192,0.0481218637435
2193,-0.00828543619133
2194,-0.000457241912519
2195,0.10525951685
2196,-0.118074161701
2197,-0.0219441121714
2198,0.11989628137
2199,0.0188906742881
2200,-0.0697012460113
2201,-0.0529555432453
2202,0.0507892327576
2203,-0.0210633306189
2204,-0.043361782155
2205,-0.0387643991134
2206,0.0350370339551
2207,0.0181232076522
2208,0.0294226638575
2209,0.0338212462672
2210,0.0291756470469
2211,-0.0178730687278
2212,0.102187072467
2213,0.0405979873996
2214,0.0529289486278
2215,-0.0538595452586
2216,0.015481460447
2217,-0.000809126244376
2218,-0.00513471174079
2219,0.0680113144196
2220,-0.0932218555323
2221,-0.0043833804332
2222,-0.0472005738601
2223,0.0224902612201
2224,0.0272369734368
2225,-0.0885040497767
2226,0.0342082584315
2227,-0.0520837284953
2228,-0.0861097730783
2229,0.106817472658
2230,0.0468295861126
2231,0.0491732880812
2232,0.0500691529122
2233,-0.0236570227335
2234,0.00993556391963
2235,-0.0493942434124
2236,-0.0286473659746
2237,-0.0221013109187
2238,-0.0623701180426
2239,-0.0302952300895
2240,-0.0420141648756
2241,0.110591922281
2242,-0.0110030842529
2243,0.0607758709924
2244,0.0521882458891
2245,-0.0848827028756
2246,0.0673730136984
2247,-0.0787311644545
2248,0.00188601255222
2249,0.0354385596499
2250,-0.0389476116961
2251,-0.0152427642803
2252,0.0511029919117
2253,0.0412375311542
2254,0.100548951403
2255,0.0621102917029
2256,-0.00455709019994
2257,-0.0739068700562
2258,-0.0269944297045
2259,0.0961318976628
2260,-0.0154024024868
2261,-0.0121987553329
2262,0.0747085507067
2263,-0.0642481224224
2264,0.0690447042002
2265,0.015237084264
2266,-0.0208392531435
2267,0.0958564648354
2268,-0.0245444293504
2269,-0.00478170149024
2270,-0.0321099700979
2271,-0.121164993947
2272,-0.0345254358796
2273,0.0984748439009
2274,-0.0448676187311
2275,-0.0812524588441
2276,-0.0272713233861
2277,-0.0526427564792
2278,0.00918453549158
2279,-0.0186217833792
2280,0.0109887568673
2281,0.0528036077078
2282,0.0846831236365
2283,-0.00188789300215
2284,-0.0485928406714
2285,-0.0710221735975
2286,-0.0916304083629
2287,0.0451919454501
2288,-0.037426194879
2289,0.0584901305211
2290,0.0604474336551
2291,-0.000127626154334
2292,-0.128665455225
2293,0.0459460691603
2294,-0.0588909768888
2295,-0.0117031364232
2296,-0.013494257379
2297,-0.043932415104
2298,-0.0405695383548
2299,0.000727607057293
2300,0.128517690987
2301,-0.0756327116117
2302,-0.130462804388
2303,-0.106319396831
2304,-0.0013835724102
2305,0.0112031529923
2306,-0.00775518859409
2307,0.0335289861542
2308,0.0236029797591
2309,0.0168451350308
2310,0.0497099475166
2311,0.02630683923
2312,-0.0520521095932
2313,0.0572866858226
2314,-0.0313045031783
2315,0.10134023065
2316,-0.063993970629
2317,-0.0315390977194
2318,0.0687987047374
2319,0.0113890475598
2320,-0.0425309402378
2321,-0.0262913447572
2322,-0.0831701692867
2323,0.00317425489676
2324,-0.0386206941647
2325,0.0224497690251
2326,0.0736401211445
2327,-0.0259546495379
2328,0.117096478978
2329,-0.0944197261678
2330,0.0311389565937
2331,-0.0273459629095
2332,0.0527463628584
2333,0.0200608951873
2334,-0.0314904879398
2335,0.0142226891532
2336,0.084403227498
2337,-0.0519074561872
2338,0.00365441173166
2339,0.0531056686969
2340,0.0338657776735
2341,-0.0159449199612
2342,0.0179899238533
2343,0.0252110084948
2344,0.0314556441769
2345,0.0608487144105
2346,0.122871826644
2347,0.0413636180127
2348,-0.0316501676299
2349,0.0495155732101
2350,-0.0122436932622
2351,0.078421600654
2352,0.0949922445692
2353,-0.0707157661299
2354,-0.0205016926235
2355,0.0400106263505
2356,-0.0306742604384
2357,0.00706113442913
2358,0.00820780551745
2359,-0.0826196575581
2360,-0.0352372108521
2361,-0.0609729305081
2362,-0.029791785871
2363,-0.00865586790062
2364,0.0732454555762
2365,0.0416142943936
2366,0.0239428294325
2367,0.0122189929995
2368,-0.0611134864836
2369,0.120164281088
2370,-0.032028640653
2371,-0.00400984813992
2372,0.0282846114065
2373,0.0693241140782
2374,0.0269743915842
2375,0.00384729021903
2376,-0.0222617688413
2377,-0.0132908631969
2378,0.0588140382713
2379,-0.0148596496434
2380,0.0537516754714
2381,0.0852568334985
2382,-0.0518461676998
2383,0.0425608475131
2384,0.0223031457506
2385,-0.00887467520658
2386,0.062294584167
2387,0.0201188553671
2388,0.00276104082465
2389,-0.0747609177607
2390,0.0214997503658
2391,-0.0919032587742
2392,0.0269409642876
2393,0.0982654201963
2394,-0.0378668791998
2395,-0.0335745149821
2396,0.000934668254422
2397,0.035092361119
2398,0.00258923631832
2399,-0.0534923769984
2400,0.0631298269031
2401,0.00595645410221
2402,-0.0126735892876
2403,-0.0455483125878
2404,0.116328490864
2405,-0.00233978418973
2406,-0.0240064403563
2407,0.00543151689901
2408,0.0304625764421
2409,-0.0284890821302
2410,0.0937615813309
2411,-0.0396949563271
2412,-0.0314714152754
2413,0.062575299375
2414,-0.0100881695214
2415,0.0277270393736
2416,0.00457141103868
2417,0.0326080536223
2418,0.0519266514327
2419,-0.0933493126745
2420,-0.0562914757983
2421,0.0316880073406
2422,-0.13953221557
2423,0.020577351755
2424,0.0157247756067
2425,0.0268143411084
2426,-0.0264793961456
2427,0.0208753887705
2428,-0.0231194703976
2429,-0.0043373744222
2430,0.000424579773453
2431,-0.0358412289081
2432,-0.00292809452045
2433,0.0342644084679
2434,0.0261366299573
2435,0.013381083221
2436,0.0817770017977
2437,-0.00947185792736
2438,-0.0424893886588
2439,0.0398362315203
2440,-0.0553730278483
2441,-0.0575565163991
2442,-0.00369481900079
2443,0.00724040367823
2444,-0.112255007476
2445,0.077307240036
2446,0.00874056860913
2447,0.0804245856222
2448,0.0324843164879
2449,0.0231345836029
2450,0.0859514819285
2451,0.0301064057286
2452,0.0719282808561
2453,-0.0108974037777
2454,-0.0192941472775
2455,0.00551890899205
2456,-0.0622586105521
2457,-0.074073537884
2458,0.196398565376
2459,-0.098886571072
2460,-0.0252683757655
2461,-0.0128941913778
2462,0.0858881583376
2463,0.0385847927681
2464,0.087296853877
2465,-0.0502046817736
2466,-0.0297024152692
2467,-0.0256959839336
2468,-0.0498228607208
2469,0.0218349310563
2470,0.0199308585207
2471,0.0174359316771
2472,0.0175877597724
2473,0.00371721814204
2474,-0.045499072421
2475,-0.0645422701324
2476,0.0144882016269
2477,0.0286027441563
2478,-0.0331089410425
2479,-0.0573219715152
2480,-0.0184246432515
2481,0.0545850364191
2482,-0.0306301224283
2483,-0.00618896909862
2484,-0.0230206981791
2485,0.0827537797683
2486,-0.0724203255098
2487,-0.0483881904117
2488,-0.0107311347643
2489,0.0592986075986
2490,-0.0184733292671
2491,-0.101506125141
2492,0.0705603414776
2493,0.0258903381551
2494,-0.0288288898171
2495,-0.0716094073338
2496,0.00831468220756
2497,0.0133606715435
2498,-0.0567838591956
2499,-0.0437001671835
2500,0.0281849846696
2501,-0.106243834168
2502,-0.0355153521296
2503,0.0242271477455
2504,0.114134267736
2505,-0.00856561131399
2506,-0.0345297843205
2507,-0.060640061049
2508,0.0728413246365
2509,-0.0652022702974
2510,0.100111808788
2511,0.0502224228133
2512,-0.0234668514519
2513,0.0166294428913
2514,0.0251786134382
2515,-0.00878248561375
2516,0.0558824820973
2517,0.0386438987153
2518,-0.0225746909738
2519,0.003795364379
2520,-0.0514420657837
2521,-0.0209884769653
2522,0.0311441614776
2523,-0.122757638702
2524,0.0784891650283
2525,-0.0614306362216
2526,0.0315337469727
2527,-0.0683037254241
2528,0.0387014329608
2529,0.0212817227987
2530,0.0159135214221
2531,-0.0853869774914
2532,0.0271394354414
2533,-0.043609887331
2534,-0.030220079685
2535,0.0110507978841
2536,-0.0262772436775
2537,0.0114436788185
2538,-0.0998778806686
2539,0.00546567856183
2540,-0.0625257889884
2541,0.047814660859
2542,0.0104176986715
2543,0.0286821975533
2544,0.045438367734
2545,-0.148110974414
2546,0.0174599665661
2547,0.0195402627021
2548,0.0557078844223
2549,-0.136113839745
2550,-0.0273102497027
2551,0.0392750846169
2552,0.0560255010231
2553,0.0202833039865
2554,0.0803028087068
2555,-0.0212854059412
2556,0.0682760319204
2557,0.0893050158518
2558,-0.0267029850369
2559,-0.000425183648634
2560,-0.0362457503089
2561,0.0689261664433
2562,-0.115627449217
2563,-0.0367939685444
2564,0.0869704162344
2565,0.0228453029688
2566,0.0199292925571
2567,-0.0878930880162
2568,0.0144654951048
2569,0.0247785816528
2570,-0.0321224278486
2571,0.0381215836226
2572,-0.0732980705738
2573,-0.0106892061521
2574,-0.00476545207542
2575,0.00142597384924
2576,-0.0565809251295
2577,-0.0816669797692
2578,0.114842392673
2579,-0.119684078442
2580,-0.0907317236987
2581,-0.0131858248543
2582,-0.0406933904279
2583,-0.0512186127835
2584,0.0066801173297
2585,0.050441908622
2586,-0.00365613779823
2587,0.0932149490816
2588,0.00295474407335
2589,-0.100822827367
2590,0.0172279980054
2591,0.0559648765814
2592,0.159985934751
2593,-0.0374297302025
2594,0.0120877398697
2595,-0.00216696475907
2596,-0.0349481826621
2597,-0.0923568350823
2598,0.0151271824546
2599,-0.0526744775839
2600,0.0342156351328
2601,-0.0582749435866
2602,0.068225520019
2603,-0.0369535981127
2604,-0.017377251153
2605,0.0275372686411
2606,0.0975526038906
2607,-0.0971030103355
2608,0.0835076072454
2609,0.020863690472
2610,-0.0130093619094
2611,0.0479317102832
2612,-0.026028270141
2613,0.0599647265417
2614,-0.00714547826591
2615,0.0114535628635
2616,-0.0523086716714
2617,0.0613286369052
2618,-0.0772949015491
2619,-0.0271966745684
2620,0.116033263058
2621,-0.0210522248077
2622,0.106709842776
2623,-0.0416564147525
2624,0.061035721863
2625,-0.0340765595095
2626,0.0953002673245
2627,0.00461981262903
2628,-0.0454182298347
2629,0.021817880266
2630,0.0315763786012
2631,0.0386730983975
2632,-0.0363009980746
2633,-0.00894836954707
2634,0.00528868015683
2635,0.0207037481344
2636,0.116552504062
2637,-0.002098395387
2638,0.0127232370345
2639,-0.0140842321548
2640,0.0345918969096
2641,-0.0259966581487
2642,-0.143213805558
2643,0.153352317548
2644,-0.0178577350316
2645,0.0780486747371
2646,-0.16254422997
2647,-0.0400244104765
2648,-0.038920415898
2649,0.00401264910855
2650,0.0529251493632
2651,0.00478689240247
2652,0.0180128797805
2653,-0.066201118148
2654,-0.0752840709956
2655,-0.00201748680856
2656,-0.0857988163644
2657,-0.114785004973
2658,-0.0334865881216
2659,0.0386568240851
2660,0.0128894884453
2661,-0.138268647194
2662,-0.0174111780404
2663,-0.000733907953428
2664,0.16609895994
2665,-0.0133070251593
2666,0.0433691886515
2667,0.00437953780326
2668,0.0172218186476
2669,-0.0244437788688
2670,-0.0276211660855
2671,0.0440477384928
2672,-0.0379266184065
2673,0.0389362207635
2674,0.0726355221538
2675,0.0575711658414
2676,-0.00506675103362
2677,0.132108569219
2678,-0.058698506678
2679,-0.0310269603142
2680,0.0341754155106
2681,-0.104907949669
2682,0.0153459036069
2683,-0.082191987539
2684,-0.0412095834058
2685,-0.00708897341934
2686,-0.111318231588
2687,-0.0802918983343
2688,-0.00612353586905
2689,-0.15269337838
2690,0.135767254625
2691,0.101857355389
2692,0.00716444963568
2693,-0.0360014356587
2694,-0.0340037124228
2695,-0.0123514899692
2696,-0.0174639256932
2697,0.0394049099274
2698,-0.00914029624669
2699,-0.000697257517083
2700,-0.0491059417004
2701,-0.117301586466
2702,0.127619715201
2703,0.0104977242203
2704,-0.0303409563756
2705,-0.0311847120849
2706,-0.0345653438049
2707,0.0348864620058
2708,0.0685517199366
2709,0.0607033904249
2710,0.0084889286919
2711,-0.0400229741496
2712,-0.018169121551
2713,0.059068511254
2714,-0.0629181562777
2715,0.111576588389
2716,0.0835781867019
2717,0.119923145381
2718,-0.0115935967927
2719,0.0284913642815
2720,-0.0487105484963
2721,-0.0102855082447
2722,0.0530438886033
2723,0.0360933056666
2724,-0.0161986357646
2725,-0.0898007424418
2726,0.0536157106353
2727,-0.00828933638993
2728,0.0634811037299
2729,0.0041387399958
2730,0.0762764248446
2731,-0.0554036987157
2732,-0.121138283387
2733,0.0445429156751
2734,0.0191701060107
2735,0.0915477410017
2736,-0.0431428504763
2737,-0.0494841957317
2738,-0.00199439150339
2739,0.0122978488999
2740,-0.0218021350742
2741,0.0419874907808
2742,-0.0269321395416
2743,-0.0460105109369
2744,-0.129462390156
2745,0.065890744314
2746,-0.0573363157419
2747,-0.109147457505
2748,-0.0891331945722
2749,0.00741369048772
2750,-0.107833510423
2751,0.067699710313
2752,-0.0275270436642
2753,-0.00513153785663
2754,-0.108181508587
2755,0.0933732538945
2756,-0.0502549445405
2757,0.104221898589
2758,-0.0200354951284
2759,0.0564154012282
2760,0.026158996423
2761,-0.0705900704357
2762,-0.0517813866828
2763,-0.108607921018
2764,0.0631157700932
2765,-0.0380965299406
2766,-0.00266086732426
2767,-0.0168169407804
2768,-0.0614852177364
2769,0.0762661505856
2770,0.0305687291648
2771,0.0261920597885
2772,-0.0733816355174
2773,0.11046864177
2774,-0.0505003546447
2775,0.0120473182208
2776,0.0810694754308
2777,-0.0814138885276
2778,0.0465686000588
2779,-0.00440677574177
2780,0.00178984197255
2781,0.00888959986798
2782,0.0152565027603
2783,0.00134460586849
2784,-0.0687439672176
2785,0.0147204240109
2786,0.0592600125538
2787,-0.0162997008528
2788,-0.000124831626809
2789,0.0382279490063
2790,-0.038566152988
2791,-0.0421146319146
2792,-0.107092648211
2793,-0.127688489809
2794,-0.0689205375954
2795,-0.109803737229
2796,0.0145958379955
2797,-0.0914123591984
2798,-0.114302414195
2799,0.018650378148
2800,-0.0226079626927
2801,-0.0761425740259
2802,-0.0556961061751
2803,0.053566501463
2804,0.118953953029
2805,-0.00230877606128
2806,-0.0539351764513
2807,-0.0155333039244
2808,0.00196240937897
2809,-0.0563802518932
2810,0.0635286672353
2811,0.0161973853771
2812,-0.155318673138
2813,0.063401597093
2814,-0.0517413735196
2815,0.0666155458044
2816,-0.0405068292705
2817,-0.0152546005326
2818,0.0448103443084
2819,0.00156884552275
2820,0.0504405080742
2821,-0.0528375759381
2822,-0.00867958745782
2823,0.0908106857281
2824,0.0494638135462
2825,0.0481147700305
2826,0.0201923709631
2827,0.0498782353604
2828,-0.0501588274132
2829,-0.00117012570196
2830,-0.0391353754986
2831,0.00678416673289
2832,0.0469326668659
2833,0.00890701037122
2834,-0.0557895463283
2835,-0.00272318755647
2836,-0.0159086683515
2837,0.0623067222086
2838,0.055107622823
2839,0.0104882746731
2840,-0.0105337490221
2841,-0.111149104112
2842,0.0155082861218
2843,0.031473868432
2844,-0.0234345185314
2845,-0.0368228896901
2846,-0.144438926448
2847,0.00721883098087
2848,-0.00655838888552
2849,-0.0557090316253
2850,0.064822973724
2851,0.0255071057601
2852,0.0885414176128
2853,0.0506728557828
2854,0.0487839830166
2855,-0.00518025284886
2856,0.0196264215685
2857,0.0937515620385
2858,-0.0668353584698
2859,0.00154361955361
2860,-0.00370656471112
2861,0.0362097659198
2862,-0.0366743517265
2863,0.0108240295579
2864,0.0120809655495
2865,-0.125539765059
2866,-0.0167228215662
2867,0.0554216917322
2868,0.0503509028011
2869,-0.00119829063056
2870,0.0275546607206
2871,0.0173154191166
2872,0.0356298803912
2873,0.0623308266251
2874,0.0880690559075
2875,0.158381171468
2876,-0.128475414738
2877,-0.0617244917752
2878,0.029924721075
2879,0.00355576503897
2880,-0.0252745001137
2881,0.076019067088
2882,0.0157942891252
2883,0.0852152830346
2884,-0.0521805381
2885,-0.0575488125992
2886,-0.0249856745059
2887,-0.0321759046421
2888,0.00592316178257
2889,-0.0118156598339
2890,-0.0124866512785
2891,0.0308216553808
2892,-0.0217289391578
2893,0.121290657776
2894,0.0707283912289
2895,0.169478036674
2896,-0.0145857671335
2897,-0.0735869510401
2898,-0.150007859541
2899,-0.0236114997075
2900,-0.0668970777853
2901,-0.0533793861938
2902,0.0737523720036
2903,0.0479732221152
2904,0.0944886373244
2905,0.0571949702482
2906,-0.0501247702791
2907,-0.00285612255261
2908,-0.012766404568
2909,-0.0787599335425
2910,-0.0179247623611
2911,-0.0692870574953
2912,0.0117766998855
2913,-0.0497278447618
2914,0.0438180053283
2915,0.0173770119416
2916,-0.111526812404
2917,-0.018516715675
2918,0.0602377923639
2919,0.0358975296591
2920,0.0657203004673
2921,0.0334686461575
2922,0.0136774420487
2923,0.0478635512289
2924,0.0480682259994
2925,0.0752005763652
2926,0.0496833473318
2927,0.0166044128609
2928,0.0436847547387
2929,-0.037223643196
2930,-0.0390251019243
2931,-0.0476973424147
2932,0.00541451521863
2933,-0.0522942286586
2934,0.102834993584
2935,-0.0362464283128
2936,-0.00752472150147
2937,-0.00564512422073
2938,-0.0563652749561
2939,-0.0404908497628
2940,-0.0907603713834
2941,-0.044111508434
2942,0.101718048233
2943,0.0317764308821
2944,0.0272354584847
2945,0.00179674885272
2946,-0.0132765432924
2947,-0.0221840916789
2948,0.0859868733357
2949,0.0104589922567
2950,-0.10767331173
2951,-0.0486874557232
2952,0.097663716843
2953,0.00941659371458
2954,-0.0517046951066
2955,0.0930868025398
2956,0.0593246519944
2957,0.0505754156717
2958,0.0124887581583
2959,-0.0246454152028
2960,-0.113387539239
2961,0.0428936854414
2962,-0.0776496938944
2963,0.0270197732336
2964,-0.0428939816756
2965,0.0275707552549
2966,0.0121146319146
2967,-0.00233158203666
2968,0.0931121421035
2969,-0.0342390011873
2970,-0.00442053832592
2971,0.0175081122147
2972,-0.0530572717141
2973,-0.0962112634263
2974,0.0364621377975
2975,0.0199112809671
2976,-0.0461950326613
2977,-0.0390570668108
2978,0.0534013900747
2979,0.0790577246008
2980,-0.0203660520645
2981,0.0495100106772
2982,-0.0897834553054
2983,-0.0144370404203
2984,0.0355121089249
2985,0.0720598191364
2986,-0.0170646464364
2987,0.106035254287
2988,-0.0543904082856
2989,0.030369831007
2990,-0.0523259283604
2991,-0.0229392753168
2992,0.10791728369
2993,0.0361374335111
2994,0.0750109999501
2995,0.0428383157692
2996,-0.0077150902689
2997,0.0452997298449
2998,0.0697109467003
2999,0.0239876540522
3000,-0.0374798712657
3001,-0.0432115813564
3002,-0.0756464172299
3003,0.00855966698109
3004,-0.0714938464069
3005,-0.0289472477729
3006,0.0911952898045
3007,0.0288510686134
3008,-0.145950295136
3009,0.114473017644
3010,0.00323920484658
3011,-0.0072052639149
3012,0.029403855842
3013,-0.0427991429239
3014,0.039447975297
3015,0.0418707370786
3016,0.157295395175
3017,0.0366842506757
3018,-0.023263235875
3019,-0.0367778608268
3020,-0.0224001447037
3021,0.0281015766306
3022,0.0257062415911
3023,0.0993171753639
3024,-0.0849619110851
3025,0.0744540893304
3026,-0.00171680389422
3027,0.0717405970729
3028,0.0717417084264
3029,0.022390247133
3030,0.0088452334844
3031,0.0140985948771
3032,-0.00649854497234
3033,-0.0435199367664
3034,0.0336947845875
3035,-0.0014367365571
3036,-0.0148912755092
3037,-0.113103735641
3038,0.00592071111092
3039,-0.00719610905829
3040,-0.0171182617476
3041,-0.0147421114793
3042,0.0684918321085
3043,0.0974744151179
3044,-0.0310051299238
3045,-0.0164846070863
3046,-0.0203044786525
3047,0.00533026211755
3048,0.0244752255547
3049,-0.0327434898126
3050,-0.0679472112607
3051,0.0337181373601
3052,0.00701962374553
3053,-0.108470932863
3054,0.1197031947
3055,0.0408696362232
3056,0.120051987405
3057,0.0124457773384
3058,-0.0288523932473
3059,-0.000210321830814
3060,-0.0318686021971
3061,0.0650661901593
3062,0.000299830638692
3063,0.11407800596
3064,-0.0757389961851
3065,0.0218159783784
3066,0.0033212283444
3067,-0.0231894836764
3068,0.0509028455166
3069,-0.0443784333786
3070,-0.0412922408252
3071,0.0631853906424
3072,0.0506773016164
3073,-0.0736846212744
3074,-0.0414723787282
3075,-0.0400414654498
3076,-0.00460121132436
3077,-0.056356067674
3078,-0.0336634706804
3079,0.113497128215
3080,0.033511156769
3081,0.0422807370915
3082,0.031666159249
3083,-0.139834062135
3084,-0.0593580429626
3085,0.0788896641992
3086,0.0422534606252
3087,0.103193977326
3088,-0.00375484496889
3089,-0.0112090162504
3090,-0.0347358117411
3091,-0.0150325057692
3092,-0.0131629656409
3093,0.0327853974859
3094,-0.00468843546105
3095,-0.018554760132
3096,-0.0568079704632
3097,0.0242343058284
3098,-0.0254635443648
3099,-0.043872864745
3100,0.0263118718953
3101,0.0192866293505
3102,-0.000111177897485
3103,0.00714831712001
3104,0.00812736562739
3105,0.027155610419
3106,-0.0486696941771
3107,0.110193755244
3108,-0.0277491945123
3109,0.00721584639027
3110,0.0587531717559
3111,0.0721305003808
3112,0.0210726263804
3113,0.0434297438388
3114,-0.000880850211923
3115,-0.00498694042813
3116,-0.00608402288175
3117,0.0261247131711
3118,0.0821595689321
3119,-0.0199654900364
3120,0.0741455460038
3121,0.0339361065503
3122,0.0911805208133
3123,-0.0394427850255
3124,0.0439308345274
3125,-0.00461633212119
3126,0.0223891020987
3127,-0.111992016833
3128,-0.00930151497651
3129,0.0268547482838
3130,0.0652214830473
3131,-0.0329450091716
3132,-0.0138812636483
3133,-0.0184852286023
3134,0.0594070133554
3135,0.0187362186748
3136,-0.0485102236429
3137,0.0898512982757
3138,0.0740214759553
3139,-0.066769908511
3140,-0.0052851154895
3141,-0.0089250592446
3142,0.0028075563134
3143,0.0307446445225
3144,-0.0844095404348
3145,-0.0414458927673
3146,0.0161276407091
3147,-0.117333390897
3148,0.0482935464482
3149,-0.0703454747714
3150,-0.104130264726
3151,0.0158359360102
3152,-0.0210000468672
3153,-0.0636174312073
3154,0.0134522883592
3155,0.0679371491288
3156,0.00209609739514
3157,-0.0308520516294
3158,0.0201494081285
3159,-0.0387986727072
3160,-0.130945804248
3161,0.00716676415453
3162,-0.0754261412425
3163,-0.0494999677167
3164,-0.0168986875826
3165,-0.0699378205283
3166,0.0306730885454
3167,-0.0193341639407
3168,0.0998203269969
3169,-0.121005092405
3170,0.04277325191
3171,-0.019672800035
3172,-0.0575778639344
3173,0.085490753384
3174,0.0575813384552
3175,-0.0232289831064
3176,-0.0460395506262
3177,0.055033643512
3178,-0.0251299045441
3179,-0.0199567236621
3180,-0.0201276145391
3181,-0.0491136196667
3182,0.0235064948456
3183,-0.0334350340082
3184,0.00241309346019
3185,-0.0502419793544
3186,-0.0295676934727
3187,0.0112349028156
3188,-0.030583027754
3189,-0.112326629103
3190,0.0801333020184
3191,-0.0524068026365
3192,0.0324520253372
3193,-0.0496240272097
3194,0.0854273204717
3195,-0.0329245630831
3196,0.0217459706416
3197,-0.0499639997014
3198,-0.0103032578631
3199,0.0245954948015
3200,0.0550255685743
3201,-0.0530960254322
3202,-0.0284221460471
3203,-0.132922110655
3204,-0.0251591805153
3205,0.0258843250689
3206,0.1034642885
3207,0.0378775487999
3208,-0.0312384112922
3209,0.0529234263399
3210,-0.0672204883514
3211,-0.00224559014714
3212,-0.0657517013281
3213,0.066281467285
3214,0.0544886086944
3215,-0.033694273936
3216,0.0423839097018
3217,-0.0362277856453
3218,-0.0489703878777
3219,0.039605087861
3220,-0.0158139455062
3221,0.0405103593493
3222,-0.0113058165604
3223,-0.110687003537
3224,-0.0169445863042
3225,0.115113615069
3226,-0.058766931265
3227,-0.0156964447728
3228,0.0433322867441
3229,0.0716213504797
3230,-0.02798260426
3231,0.00655267248899
3232,0.0579065971132
3233,0.0285718846231
3234,-0.0774403772605
3235,-0.0122545779656
3236,-0.0569934675604
3237,-0.0504749949719
3238,0.0718994895173
3239,-0.0485909907603
3240,0.00454210545267
3241,0.0551309031189
3242,-0.021050071103
3243,0.0271200265346
3244,-0.101821834689
3245,0.0652187502891
3246,0.0154016168228
3247,-0.0433572905882
3248,-0.0501353393851
3249,0.0792284021478
3250,-0.0537952269116
3251,-0.0512111490126
3252,-0.0911862633731
3253,0.0988517841339
3254,-0.00612563933733
3255,-0.0573038415633
3256,-0.0510427069178
3257,-0.00839770452802
3258,-0.0485461092108
3259,-0.083901346422
3260,0.0998683369175
3261,0.149865605405
3262,-0.00881351311334
3263,-0.0230171390862
3264,-0.0290668605183
3265,-0.0821483270629
3266,0.0560389342754
3267,-0.0865981582201
3268,-0.00954830599278
3269,-0.0391551906594
3270,-0.00810178629706
3271,0.0258415380462
3272,-0.0199179147582
3273,-0.0507622681474
3274,0.0321149253173
3275,-0.00695133560493
3276,0.0261341723615
3277,-0.0258453326514
3278,0.081464906845
3279,-0.0402686640948
3280,0.0733522467969
3281,0.0924463098243
3282,0.0688140346997
3283,0.000483469342678
3284,-0.0255217609309
3285,-0.0544756537391
3286,0.013733777522
3287,-0.138313051967
3288,0.0941363617934
3289,0.0396376540916
3290,0.00831125372478
3291,-0.0588382520024
3292,-0.00772312113255
3293,0.0359612575196
3294,0.00629262798217
3295,0.0813099784624
3296,-0.0598796396618
3297,0.0318671750411
3298,-0.000287968937128
3299,0.0394752332062
3300,-0.0440795943275
3301,-0.0441006891337
3302,-0.06147160073
3303,0.0522293372295
3304,-0.0203661561826
3305,0.0295058473163
3306,-0.00312843357699
3307,0.0664794612035
3308,-0.0432457326259
3309,-0.0262078449943
3310,0.0029892226147
3311,0.0285899976641
3312,-0.0513539156472
3313,-0.0296641325221
3314,0.0531049542158
3315,0.103009232523
3316,-0.0333324353749
3317,0.0544642954873
3318,0.042803023982
3319,-0.0180381103051
3320,0.0330230607995
3321,0.0682664159475
3322,-0.00109091104999
3323,0.0545433945378
3324,-0.122153771328
3325,-0.0810311539694
3326,-0.0029297659888
3327,-0.0192015010801
3328,0.0478371665065
3329,0.0307839874163
3330,0.0172786402641
3331,0.0140462711175
3332,0.0108402517388
3333,0.0219423869808
3334,0.00995421602385
3335,0.0449164227675
3336,0.0274189379391
3337,-0.00923989259474
3338,-0.0190257760007
3339,0.0276689846528
3340,-0.0601333860234
3341,5.91044534955e-005
3342,0.0607921191279
3343,-0.0518447794923
3344,0.0759503414363
3345,-0.0374519189357
3346,0.0113924561023
3347,-0.00695191732084
3348,-0.00729294405783
3349,0.16571040129
3350,-0.00288221083989
3351,0.0303995781086
3352,0.0105458088008
3353,0.00358183635388
3354,-0.0426907076792
3355,-0.0108382639495
3356,-0.10640685031
3357,0.0126163788868
3358,0.0714263477466
3359,0.0616242711687
3360,-0.0145563829079
3361,0.0269124123407
3362,0.0296691674413
3363,-0.0504012808283
3364,-0.0256201169109
3365,-0.0658583934924
3366,0.0319085717548
3367,0.00591506266639
3368,0.0402544458595
3369,-0.0261993879967
3370,0.0416619290147
3371,-0.0020021507854
3372,0.0127594313192
3373,-0.0290173968849
3374,-0.00667619389036
3375,-0.0476147216732
3376,0.0946931708653
3377,-0.143190381755
3378,0.00657321001566
3379,0.0588494141268
3380,-0.0479730870036
3381,0.048152768074
3382,0.0196751053205
3383,-0.0657413504873
3384,-0.0892636677488
3385,-0.00611583642326
3386,0.00077462559069
3387,-0.0100815252365
3388,0.0610878482501
3389,0.0706761662921
3390,-0.0116190731216
3391,0.0467633076287
3392,0.0145057186527
3393,0.0871171829589
3394,-0.0529986931987
3395,0.0169376769613
3396,-0.0840543774812
3397,0.0574956033442
3398,0.00614449417549
3399,-0.0394285025309
3400,0.0396888712589
3401,-0.0664972494811
3402,0.00785149645224
3403,-0.0319133185886
3404,0.036974873203
3405,-0.129907007023
3406,-0.0902558785766
3407,0.0324401945541
3408,0.0516381975078
3409,0.0541664322701
3410,-0.062979528486
3411,0.0209772569769
3412,0.0813434774279
3413,-0.0419764372787
3414,0.0281943037904
3415,-0.00088229143293
3416,0.022466640589
3417,-0.0539886303959
3418,0.0752601757458
3419,-0.0428452362396
3420,0.0383963864074
3421,0.0513832365801
3422,-0.0156603216761
3423,-0.137131919662
3424,-0.0823746378359
3425,-0.0360546055294
3426,-0.0973736901453
3427,-0.0865798564384
3428,0.0393137801487
3429,-0.0247075940396
3430,0.0536605146535
3431,0.0446433164706
3432,0.0849296263752
3433,0.00314446476768
3434,-0.0426549209673
3435,-0.0583517095585
3436,-0.0203065209208
3437,0.0172757520522
3438,0.00586888755542
3439,-0.0127710697527
3440,-0.0759286148712
3441,-0.133401481034
3442,0.00394108304218
3443,-0.0924699261499
3444,-0.0545686340223
3445,-0.119597488454
3446,0.0418329030081
3447,0.0165037666429
3448,0.0713355201341
3449,0.0279729924335
3450,0.0125354035114
3451,-0.0865554804903
3452,-0.0394613650128
3453,0.0315120870757
3454,-0.0164316830997
3455,-0.0598647635091
3456,-0.0337792606027
3457,-0.00461944875526
3458,-0.0243494946302
3459,-0.122288830111
3460,0.0270933964551
3461,0.019779219224
3462,0.018938886951
3463,-0.0127861976548
3464,0.0141884975025
3465,0.0221743400807
3466,0.0334519628972
3467,0.053272801001
3468,-0.0108270821525
3469,-0.00764870259899
3470,0.0324093623866
3471,-0.0369280168936
3472,0.0192417825715
3473,-0.00987392936811
3474,0.015570118506
3475,0.0852367932884
3476,-0.0612497996108
3477,0.0118688056642
3478,-0.0777254128026
3479,0.0823823242516
3480,-0.00925098029877
3481,0.0239425753798
3482,-0.0134047517888
3483,0.025752425696
3484,-0.0617211666763
3485,0.0420259997561
3486,0.0466207787916
3487,0.0509932587563
3488,-0.033780648577
3489,-0.0340407794253
3490,-0.027831386197
3491,0.0136413217622
3492,0.040534818114
3493,-0.0466408760601
3494,0.143295730619
3495,-0.0150849681295
3496,0.0817686279855
3497,0.00716036985744
3498,0.108139856304
3499,-0.00652112240515
3500,-0.0462669961172
3501,0.0287792538169
3502,0.0171697681679
3503,0.00783598450668
3504,-0.0771784467032
3505,-0.0330242055636
3506,0.0320246317638
3507,-0.0450923435661
3508,0.0651902576851
3509,0.0643109301122
3510,0.0769664143612
3511,0.0386000744591
3512,-0.029713715759
3513,-0.0390564468209
3514,-0.0452097108316
3515,-0.00911833478941
3516,-0.0744799775187
3517,-0.0513844211035
3518,-0.00552941811795
3519,-0.0363281586285
3520,0.0424316409491
3521,-0.0883097616638
3522,-0.0406711728396
3523,-0.030583591835
3524,-0.0393045031326
3525,-0.0618924108127
3526,-0.0243371635861
3527,-0.0230971656482
3528,0.0280586329851
3529,-0.0948026122373
3530,-0.0438522953444
3531,0.0310920262148
3532,0.0238154178402
3533,0.127571244335
3534,-0.140252983355
3535,0.0608980897418
3536,-0.0481982843658
3537,-0.00474579852638
3538,-0.0262625715379
3539,-0.0515957373674
3540,-0.0907310890632
3541,0.0327796000242
3542,-0.0651822601527
3543,0.061614361178
3544,0.0252638455778
3545,0.013054296106
3546,-0.0736924305748
3547,-0.0389224263816
3548,0.00672827761259
3549,0.010002956798
3550,-0.0178415298216
3551,0.0153086846904
3552,0.0345528704709
3553,0.0362657226205
3554,-0.0349125333413
3555,-0.103292746754
3556,0.0341780736971
3557,0.0945295586843
3558,-0.06355424486
3559,0.0346893838684
3560,-0.112737692878
3561,-0.0109668269917
3562,0.00137731622453
3563,0.0177352769098
3564,0.0157259550954
3565,0.0204179571234
3566,-0.121648078547
3567,-0.0357632310932
3568,0.0291559530149
3569,0.00181610873238
3570,0.012535456304
3571,-0.0071530779975
3572,0.00229720317628
3573,0.00576917163526
3574,-0.128608880481
3575,0.0492791565742
3576,0.0151655771902
3577,-0.112944988196
3578,0.0733257767268
3579,-0.144893446026
3580,-0.102254185862
3581,-0.15351027702
3582,-0.00814497902015
3583,-0.026676007505
3584,-0.0305064715147
3585,0.00663899057987
3586,-0.00377212088063
3587,0.0239969906963
3588,-0.0462297798541
3589,0.0134274002221
3590,0.0200561673152
3591,0.0143696384887
3592,0.117285299426
3593,0.0416648816499
3594,0.0999211194645
3595,-0.0471673235671
3596,0.0280080038649
3597,0.0201290907872
3598,-0.0666581863039
3599,-0.0229292103121
3600,-0.0949173211617
3601,-0.044942466294
3602,-0.0051856038249
3603,-0.0748887881387
3604,-0.00743920929143
3605,0.0508341840039
3606,-0.0166724117341
3607,0.0262850517037
3608,0.00808529799885
3609,0.106680831303
3610,-0.0960186005325
3611,0.0213288727909
3612,0.0331261473945
3613,0.0353425497883
3614,-0.104932797145
3615,-0.0107601190112
3616,0.0358504461396
3617,0.0969518628894
3618,-0.031155541447
3619,0.0823184797104
3620,0.00727578889274
3621,0.125562477988
3622,0.0394933263611
3623,-0.0840290124533
3624,-0.00815638629755
3625,0.0628621594036
3626,-0.0135501471071
3627,-0.11330040994
3628,-0.0293971475733
3629,-0.0738383851057
3630,-0.0385530774637
3631,-0.0675665409193
3632,-0.0818431640515
3633,0.0846766408705
3634,-0.0560957127038
3635,0.0899756458303
3636,-0.0644980020529
3637,-0.0156975033847
3638,-0.0417978846498
3639,0.0243768406615
3640,-0.114189544399
3641,0.00265682778018
3642,0.0561190759749
3643,-0.0103694630386
3644,-0.00679024055396
3645,-0.0706030386622
3646,-0.0769889448013
3647,-0.0130630539968
3648,0.0717026069611
3649,-0.0143791710809
3650,-0.0293940163508
3651,-0.0681278685182
3652,0.0092443661582
3653,-0.00819569142292
3654,-0.0152790601489
3655,0.0233568559854
3656,-0.00467517114901
3657,0.0128721480974
3658,0.0301205610522
3659,-0.00589627147319
3660,-0.0210173435582
3661,-0.090811395871
3662,-0.0361184111348
3663,-0.0702939472952
3664,0.0565885505684
3665,0.0266709537546
3666,0.0308642155486
3667,0.00645848846345
3668,-0.122343383907
3669,0.0929936030791
3670,0.0705760852039
3671,-0.0184647552438
3672,-0.118590342547
3673,0.0592546939451
3674,-0.0898255130854
3675,-0.00392851922086
3676,-0.0540476297762
3677,0.103687526692
3678,-0.0192853249904
3679,-0.0565368044127
3680,-0.0558574911498
3681,0.0103341054095
3682,-0.0272234533744
3683,0.063015272941
3684,0.0317396278259
3685,0.0921557532387
3686,0.0745572003432
3687,0.0329634081286
3688,0.060176023879
3689,-0.0786557273101
3690,-0.0302806124188
3691,0.0606219926389
3692,0.000447394001261
3693,0.0219720822197
3694,-0.073329645808
3695,-0.0195529212326
3696,-0.0675321564944
3697,-0.00845467222086
3698,-0.00351086088124
3699,-0.0102211051128
3700,0.076083516564
3701,0.00636065276759
3702,-0.0578344399328
3703,0.00534835458038
3704,-0.0130180378363
3705,-0.00314878702297
3706,-0.16658208978
3707,0.0878313119458
3708,0.0626594712043
3709,0.0459221665797
3710,0.0584289456888
3711,0.0792120035821
3712,0.00311224759505
3713,0.0123302703611
3714,0.0803001944546
3715,0.0166969433071
3716,0.028386561763
3717,0.0490968748065
3718,0.0170330430496
3719,-0.0214661677875
3720,0.00327404851393
3721,0.0492394572513
3722,-0.0386513630909
3723,-0.0702676130991
3724,-0.0690425161867
3725,0.0361581736308
3726,0.0153368222857
3727,-0.10111010275
3728,0.0219885613015
3729,-0.00124221620905
3730,0.000250470988432
3731,-0.094782854887
3732,-0.0374951480859
3733,0.0361047518934
3734,0.0191537811303
3735,-0.0505599553975
3736,-0.0170582821167
3737,0.0910979152487
3738,0.00756431174546
3739,0.0315986740474
3740,0.0123986048145
3741,-0.0502480214085
3742,-0.0703887976746
3743,0.0589217365274
3744,0.0770393033769
3745,-0.0435040251404
3746,-0.00563122194261
3747,0.0834891140968
3748,-0.00368506542155
3749,-0.0684741810862
3750,0.0435325349871
3751,0.0417604347713
3752,-0.0152737099506
3753,-0.0973192765513
3754,0.0271751052653
3755,0.0128274189532
3756,0.0307019647339
3757,-0.0329481823404
3758,-0.0130103156985
3759,-0.0179353961416
3760,0.0702799816751
3761,-0.062816718397
3762,-0.0335922509946
3763,0.0235598746726
3764,0.0623716887166
3765,-0.0156620142304
3766,0.0170357904639
3767,0.0169614087386
3768,-0.0720424046947
3769,-0.0683537168345
3770,0.00555297192978
3771,-0.10072271623
3772,-0.0454222173193
3773,0.129021434429
3774,-0.0501958155537
3775,-0.0265048609721
3776,-0.0493792441565
3777,-0.0109825356475
3778,-0.0136197593061
3779,0.0259605332162
3780,0.0109720297692
3781,0.0456836664517
3782,0.0468962572415
3783,0.0216233992491
3784,-0.00949859775146
3785,-0.00763309524673
3786,-0.0322446574262
3787,0.0134740394516
3788,0.00881892517743
3789,-0.0038894009286
3790,-0.0928760885781
3791,0.0352658013483
3792,-0.0255848243292
3793,0.0581559519507
3794,-0.047367492425
3795,-0.135802335907
3796,-0.0611402314249
3797,0.00757499536524
3798,0.0362700608444
3799,-0.0363692364528
3800,-0.000884099322997
3801,0.00669236404985
3802,0.0158511358823
3803,-0.0221947755049
3804,0.0958808191568
3805,0.0345961716554
3806,-0.0283562085301
3807,-0.0196881985468
3808,-0.0499769352844
3809,0.0353289067835
3810,0.0674759902539
3811,0.0537752522543
3812,0.0196135010961
3813,-0.00392309399762
3814,-0.0111437149314
3815,-0.122105605808
3816,-0.069759731343
3817,-0.129847373044
3818,0.0301397451737
3819,0.115538906012
3820,0.0767292211851
3821,-0.00169880210899
3822,-0.0716010341915
3823,-0.0648697061248
3824,0.113786873656
3825,0.0301922944487
3826,-0.0476128455892
3827,-0.0610284098168
3828,0.0528538011728
3829,-0.0228231879554
3830,-0.0381311896024
3831,0.0596539548044
3832,-0.0108987491802
3833,-0.0521021157456
3834,0.0363983299668
3835,-0.0767081057224
3836,0.00493331673299
3837,0.0321545534683
3838,-0.0181913322769
3839,-0.0368505105825
3840,0.0400024497788
3841,0.0449911734276
3842,-0.0637477772702
3843,-0.152841261273
3844,0.0949298620678
3845,-0.0250932874125
3846,-0.0324114180875
3847,-0.0353869265307
3848,0.0308149906562
3849,-0.101035843702
3850,-0.0379919950784
3851,0.030606034411
3852,0.0701669556254
3853,0.0240411201047
3854,-0.0394058551834
3855,0.0279168938162
3856,0.0240107204345
3857,-0.0254516741838
3858,0.00276418029142
3859,-0.0623744996372
3860,0.0160935607984
3861,0.114002321308
3862,0.0183966218435
3863,-0.00212035670637
3864,-0.107032041417
3865,0.0141247739389
3866,-0.00848319246755
3867,-0.0112122417788
3868,0.0163516356872
3869,0.0297371659979
3870,0.0531201096694
3871,-0.0396004366662
3872,0.143667431262
3873,0.0676659071732
3874,-0.0397817626928
3875,0.0227080509327
3876,-0.0164734516961
3877,-0.0367109025076
3878,-0.00783874313909
3879,0.000176888095545
3880,-0.0505913112433
3881,0.110923591004
3882,-0.0753785950597
3883,-0.0124242782687
3884,-0.0153826087731
3885,-0.0326109172719
3886,0.00112282242295
3887,0.034027190078
3888,0.0421724924682
3889,-0.0771806047664
3890,-0.0762570389517
3891,-0.0905919202522
3892,0.0968126881877
3893,-0.080356960131
3894,0.0734133493266
3895,0.12598269044
3896,-0.0126336572457
3897,-0.0934442889129
3898,0.0212997849382
3899,0.022991168002
3900,0.00782283316725
3901,0.050604022459
3902,0.00201685709023
3903,-0.059213957797
3904,0.0852160211475
3905,0.0288374723633
3906,-0.00321528944831
3907,-0.146809250508
3908,0.0750885507078
3909,-0.0281608990974
3910,0.0557415569027
3911,-0.0790736066564
3912,0.0526374733923
3913,0.0250937158098
3914,0.0136819415364
3915,0.0167075842231
3916,0.0441648585389
3917,0.0724991487551
3918,-0.0108861495934
3919,0.0218043397132
3920,0.044207980078
3921,0.0416591984251
3922,0.0347978024766
3923,-0.0774917477676
3924,0.0360371428687
3925,0.0274210860013
3926,-0.0102661066797
3927,0.0758946970965
3928,-0.0926859405523
3929,-0.054436568409
3930,-0.10969962059
3931,0.00845715481443
3932,0.0543883670937
3933,0.0161357828251
3934,-0.00231274750788
3935,-0.0370361500634
3936,0.0333678572427
3937,0.00441622158484
3938,0.0250164318054
3939,-0.00794510202811
3940,0.0802638779497
3941,-0.0498796633461
3942,0.0947607319212
3943,0.0875616669694
3944,-0.0896711253618
3945,-0.0495358084457
3946,0.0538203115501
3947,0.0268089920703
3948,0.102091826865
3949,0.00165138044138
3950,0.0180424182992
3951,0.0946916382656
3952,0.0267292308686
3953,0.0297524732388
3954,0.00526059754951
3955,-0.0772784945431
3956,0.00646773745028
3957,-0.0543025091727
3958,0.0519435644542
3959,0.0235030377083
3960,0.0378727655255
3961,0.150786190961
3962,0.0712300004168
3963,-0.00254457955514
3964,0.0353511588547
3965,-0.0519604376807
3966,0.00157355666874
3967,0.0673103186526
3968,0.00887207036547
3969,0.0209925949272
3970,-0.0875720080507
3971,0.0976482265141
3972,0.0167275304724
3973,0.0507817935053
3974,0.0713875606988
3975,0.00151933811818
3976,-0.00705906678058
3977,0.0220538082525
3978,0.0296616462298
3979,0.033604447297
3980,0.00636572869225
3981,0.054164665506
3982,-0.113302351192
3983,0.0200706663749
3984,0.0863935881443
3985,0.0769414616129
3986,-0.0499676759504
3987,-0.0416160873453
3988,-0.0252465527295
3989,-0.0380625658928
3990,-0.0470363039866
3991,0.00468460278787
3992,0.0364166718191
3993,-0.0671868904495
3994,0.102662029393
3995,0.0187182146795
3996,-0.0748277925769
3997,-0.0218457145016
3998,-0.0122194902267
3999,-0.114864545205
4000,-0.0843368300748
4001,-0.0445195244993
4002,-0.000623800689364
4003,-0.0669053719682
4004,0.0964135538779
4005,0.0799962988676
4006,0.0320700489878
4007,-0.0871266005355
4008,-0.0806405651438
4009,-0.0586597794187
4010,0.0967048917161
4011,-0.0505227278825
4012,-0.00577837012837
4013,-0.0633004314672
4014,0.00636362446652
4015,-0.0383665315038
4016,-0.0169836482545
4017,-0.0339071654555
4018,0.0787928440249
4019,0.0117893980266
4020,0.0163838379402
4021,-0.0374180444956
4022,-0.0128164631606
4023,-0.0502465980653
4024,-0.0191107499761
4025,0.00831603645711
4026,-0.0175629812934
4027,0.130239084784
4028,-0.07443199361
4029,-0.0814889639804
4030,0.0238183106117
4031,0.029462328332
4032,0.0113168444731
4033,0.0297123932011
4034,-0.0295566145502
4035,0.0117634289144
4036,0.0984381184173
4037,0.0224127979507
4038,0.016236470971
4039,-0.0169302300036
4040,-0.0494354792472
4041,0.0664148427477
4042,-0.0490436015582
4043,0.0665218461237
4044,0.0868108022931
4045,-0.0669474250837
4046,0.0313345690094
4047,0.00629497118132
4048,-0.125493944124
4049,0.0204095085586
4050,-0.0236254778912
4051,-0.0213032957617
4052,0.0668413364271
4053,-0.0654023618735
4054,0.031253143777
4055,0.0672961313372
4056,-0.012894739494
4057,0.0240986476284
4058,0.0835081523854
4059,0.00255404162302
4060,0.0840720782012
4061,0.0749582846293
4062,0.0356928928766
4063,-0.0571360053994
4064,0.00208563897096
4065,0.0514609014445
4066,0.0209401775528
4067,-0.0485318352273
4068,-0.0450574375967
4069,-0.0284686047947
4070,0.0347214835252
4071,0.00286220890743
4072,0.0638916007985
4073,-0.0343633187119
4074,0.0625001328172
4075,-0.0226328054148
4076,-0.00738907117155
4077,-0.13594441431
4078,-0.0310625709091
4079,0.0501273569714
4080,0.0916562722469
4081,-0.0378993110557
4082,-0.0368542030032
4083,0.0365014653447
4084,-0.0970852834885
4085,0.0511991159092
4086,0.0229166200507
4087,-0.007626713187
4088,-0.0283158452712
4089,-0.0156820001869
4090,0.0364812900812
4091,0.012422318597
4092,-0.125469053934
4093,-0.00398484866738
4094,0.0658900181391
4095,0.0068223578324
4096,0.117001340093
4097,-0.0371297954693
4098,-0.0283491711739
4099,0.0649292047047
4100,-0.0460292683805
4101,0.049866622142
4102,0.0887758396481
4103,0.031397936546
4104,0.0527105730986
4105,-0.0314179826824
4106,-0.00847137696735
4107,-0.00602726132681
4108,-0.0263772946406
4109,-0.0141128279321
4110,0.00252998614688
4111,-0.00811835472659
4112,-0.0479808976941
4113,0.00221277388734
4114,-0.0496287042019
4115,-0.0453196711968
4116,-0.0534174042721
4117,0.00680273585443
4118,-0.00933326661306
4119,0.0122087846078
4120,-0.0200419397309
4121,0.0221673138234
4122,-0.00439495362214
4123,0.0238987629472
4124,-0.0214349454609
4125,-0.0168183195191
4126,-0.03011547045
4127,0.0117283129858
4128,0.0707327304076
4129,-0.0686029839588
4130,-0.0604222997947
4131,0.0568907011605
4132,0.0069895590222
4133,0.0427125865213
4134,-0.01829936006
4135,0.106115290736
4136,0.0743816208753
4137,-0.0484812001494
4138,0.00327422643241
4139,-0.0179302083535
4140,0.025129110143
4141,0.0556367463984
4142,0.0496354018527
4143,-0.0722417457155
4144,0.0330425970452
4145,-0.0107897511486
4146,-0.0289645868595
4147,0.0314178917107
4148,-0.120826750609
4149,0.0446704854776
4150,0.040348128843
4151,0.0109106382166
4152,-0.0447987420334
4153,0.0170512721009
4154,-0.0781769911486
4155,0.00519311149189
4156,0.025762146165
4157,0.0250747335455
4158,-0.0458644256399
4159,0.0978070674592
4160,-0.0197546756614
4161,0.0288840536027
4162,0.0772743087324
4163,0.0304666730283
4164,-0.0192814229173
4165,0.0196534060682
4166,-0.00165827115256
4167,0.0160623621014
4168,0.00530646021723
4169,0.0711871956392
4170,-0.020757646478
4171,0.0405256941525
4172,-0.0631163518998
4173,-0.0285544638722
4174,0.0646630965768
4175,0.100237123341
4176,-0.00767674170471
4177,-0.00162463172769
4178,-0.0198960220452
4179,0.0144525640662
4180,0.0324184835313
4181,0.126060464249
4182,0.0286788425034
4183,0.0800908589293
4184,0.089529596087
4185,0.0534971530655
4186,0.018341679695
4187,-0.0160960083657
4188,-0.045838036318
4189,0.0208227473701
4190,-0.03306771445
4191,0.0349155126045
4192,0.0196434446221
4193,-0.114061152813
4194,-0.00366250317237
4195,0.0577910162929
4196,0.0247330910931
4197,-0.0533881796045
4198,0.0185649466902
4199,0.00830132740235
4200,0.0445962250983
4201,-0.0400514196149
4202,0.097431142561
4203,-0.0161815325896
4204,-0.0602415251914
4205,0.0451040937681
4206,0.0105083668587
4207,-0.00468974241515
4208,-0.0162546908364
4209,-0.0305541163301
4210,0.0869619674074
4211,-0.0481361637174
4212,-0.0541641572918
4213,-0.0455061073692
4214,-0.0224496782148
4215,0.0165627900172
4216,0.0628046493346
4217,0.0238543401545
4218,-0.0203545781871
4219,0.0130115895821
4220,-0.0227809267102
4221,0.0621954342759
4222,-0.0336913411845
4223,0.0411239638186
4224,-0.0262846745885
4225,0.132325399026
4226,-0.0116098267466
4227,0.0838235011022
4228,-0.108164670696
4229,0.0763812532614
4230,0.100478964962
4231,-0.000599978537401
4232,0.0251599408414
4233,0.0448122324613
4234,0.0154795828261
4235,-0.0276691625179
4236,0.0475089881724
4237,0.0560045857136
4238,-0.0869352625273
4239,-0.0401910109177
4240,0.0169120352407
4241,0.0596972820463
4242,-0.0543602558742
4243,0.075588403827
4244,-0.095127758222
4245,-0.0124019962337
4246,0.0204521881577
4247,0.0252097383271
4248,-0.00393387004165
4249,-0.0143840175528
4250,-0.0136850954078
4251,-0.0170809970228
4252,0.0174720730552
4253,0.0269172130537
4254,0.0980468008514
4255,0.0915276397168
4256,0.00869861424915
4257,-0.0683172628843
4258,0.023469997103
4259,-0.00437974119272
4260,0.0762061062744
4261,0.0254097419696
4262,-0.100451730294
4263,-0.0116112594042
4264,-0.059924228355
4265,0.0321404090876
4266,-0.0616760629153
4267,-0.0268753872317
4268,-0.0634468768267
4269,0.105205807697
4270,-0.0670065774406
4271,0.014860862589
4272,0.0254921172704
4273,-0.112144665275
4274,-0.0382421475757
4275,-0.0191945351926
4276,0.00848632482432
4277,-0.0256825772627
4278,0.0449220152007
4279,0.00861563816661
4280,-0.0122381898095
4281,0.0113184372595
4282,-0.0323557018286
4283,-0.0449454674239
4284,-0.0714871578589
4285,0.10524224564
4286,0.0967236403595
4287,-0.000535857394994
4288,-0.0300432426936
4289,-0.0587635207233
4290,-0.0696897681954
4291,0.058364870599
4292,0.00426797756022
4293,-0.0293788904658
4294,-0.116890066207
4295,-0.0903514808814
4296,0.059847237168
4297,0.0410407278182
4298,-0.0249696697064
4299,0.0837495860195
4300,0.011674280828
4301,0.103407501984
4302,-0.0319165281162
4303,0.0513713631889
4304,-0.0224424941904
4305,-0.0988172458312
4306,0.0374123609347
4307,-0.0711688400082
4308,-0.0243882168694
4309,-0.00702849278861
4310,0.00244022965587
4311,-0.0527892259519
4312,0.0232367097751
4313,-0.00557452806668
4314,0.128546110159
4315,-0.0712610682834
4316,-0.025180646308
4317,0.0822585080235
4318,-0.0729422036721
4319,-0.00457876623643
4320,0.00967016010844
4321,-0.109385139414
4322,-0.0133427584494
4323,0.00442300016241
4324,0.098874574876
4325,0.0713631511802
4326,-0.132231942875
4327,-0.0407349258696
4328,-0.0176560340139
4329,0.0119965712314
4330,0.0623904824428
4331,0.120924460487
4332,0.057964126382
4333,-0.0179724614506
4334,-0.0697626036732
4335,0.000345179158009
4336,-0.0639946876855
4337,0.00290741325394
4338,-0.000744142330993
4339,0.166303562795
4340,0.0901092007665
4341,-0.0432917704015
4342,0.00936749205772
4343,-0.0719226973857
4344,-0.000662507543974
4345,0.0442478972739
4346,-0.0549812627522
4347,-0.0126444065706
4348,0.0196853493896
4349,-0.074208951912
4350,0.0735026611727
4351,-0.0611498032445
4352,-0.00776252193602
4353,-0.0354220993296
4354,0.0479454711625
4355,-0.00550750150967
4356,0.0229152957754
4357,-0.0614635229411
4358,0.0198078292467
4359,0.0505442790255
4360,-0.0224436413215
4361,-0.108488555478
4362,0.0285394017988
4363,0.0698359983731
4364,-0.0803578982359
4365,-0.118323174584
4366,-0.0656363178179
4367,-0.12716397006
4368,0.0111477893461
4369,0.0446918965507
4370,0.00403392654761
4371,-0.10077634629
4372,0.052955277068
4373,0.0486463169076
4374,-0.0356333788859
4375,-0.0442047364255
4376,-0.0407352426415
4377,-0.0683555846119
4378,0.0731941497461
4379,-0.114327651645
4380,0.0758738577841
4381,0.019730988059
4382,-0.00875647575822
4383,-0.0864716816427
4384,0.0755823991724
4385,-0.069025497579
4386,0.03313226168
4387,0.0179756097974
4388,-0.0197451145248
4389,0.0294244855336
4390,-0.0271620935936
4391,0.0298528150946
4392,0.0352571074276
4393,0.00148109901513
4394,0.0292962499786
4395,0.0427294673524
4396,-0.0128168526447
4397,0.0753890665049
4398,0.0744346209147
4399,0.0318468717567
4400,-0.0826664479465
4401,0.106505055536
4402,-0.0286472269061
4403,-0.0336757746121
4404,-0.0679201947917
4405,-0.101176325696
4406,0.0508311667508
4407,-0.077586533827
4408,-0.0381831441058
4409,0.0157214896159
4410,0.000368759014706
4411,0.0356170238896
4412,-0.0138739849464
4413,0.00625426785474
4414,-0.00183133852027
4415,-0.0288723029377
4416,-0.05731252311
4417,-0.0465909447144
4418,0.069424170914
4419,0.024501299691
4420,-0.0256661913622
4421,-0.0687347822191
4422,0.0800831898008
4423,0.140141285738
4424,-0.00622670594579
4425,0.046904292595
4426,0.0129077173938
4427,-0.0262567208304
4428,0.0204623797487
4429,0.00558849334299
4430,-0.0675892978032
4431,0.0449784356627
4432,-0.0175445126452
4433,-0.0871347886124
4434,-0.0447338231546
4435,0.0477420281822
4436,0.0218590999236
4437,-0.0537836970818
4438,0.0734939057008
4439,-0.0263223425762
4440,-0.108072196374
4441,-0.0107839474699
4442,-0.0176150746624
4443,0.0466449170801
4444,0.0717651907041
4445,-0.13893965136
4446,0.0544164986829
4447,-0.0143692245417
4448,-0.0107776816972
4449,-0.030741553101
4450,-0.00190878793099
4451,-0.0290447760827
4452,0.060311835508
4453,-0.0468818310337
4454,0.015660036513
4455,-0.0210558224283
4456,0.072846562281
4457,-0.0359877455907
4458,0.0952857343476
4459,0.0835496631301
4460,0.0597964700851
4461,0.0204322640894
4462,0.0294625460957
4463,0.104638597636
4464,0.0893320222532
4465,-0.0122016042173
4466,0.0167052791861
4467,-0.0317289521378
4468,-0.0294426867417
4469,-0.116296415627
4470,0.0317681310087
4471,0.0559869360623
4472,-0.0722740053137
4473,0.0726202530928
4474,0.0697646058654
4475,0.00801698080876
4476,0.0176328805389
4477,-0.0775716168746
4478,0.0102566092265
4479,0.0395947710444
4480,0.0187210391592
4481,0.0144390327638
4482,-0.0222223847058
4483,0.00263890503082
4484,-0.0151931050912
4485,0.0329612450603
4486,-0.0559248697277
4487,0.0500616643788
4488,-0.0486887877733
4489,5.99068930475e-005
4490,0.0560983896961
4491,0.0141686583712
4492,-0.00691903757519
4493,0.0887840531705
4494,0.0423142974702
4495,-0.00841477917459
4496,-0.0424017661457
4497,0.00426266640076
4498,-0.0342861588716
4499,0.00888180317356
4500,0.137326449845
4501,-0.0423730776761
4502,0.0520604750952
4503,-0.013173742097
4504,0.0464059118653
4505,0.0599755851976
4506,0.040387237194
4507,-0.00335531346748
4508,-0.0829493876092
4509,-0.0404643639382
4510,-0.0421646448701
4511,0.0484295500881
4512,0.0296320057556
4513,-0.0563327769789
4514,-0.0123791328091
4515,-0.0802564637358
4516,0.0179513296425
4517,-0.0763171805876
4518,-0.0248772124446
4519,0.0124037223752
4520,0.0460607261169
4521,-0.0115200340871
4522,0.0519553828251
4523,0.00644704957323
4524,0.00600123077967
4525,-0.0547906362279
4526,-0.0475091893624
4527,-0.123289918353
4528,0.119985324778
4529,0.0337576622466
4530,0.0877176625898
4531,-0.00642114328821
4532,-0.116870873699
4533,-0.0725585680469
4534,0.0546596875039
4535,-0.0829825701688
4536,0.0413710243976
4537,-0.0950842835141
4538,0.107662543103
4539,-0.0355060286857
4540,0.0185213099365
4541,-0.0323946236476
4542,0.0718816083728
4543,-0.140597721829
4544,0.119488316498
4545,-0.0259784927985
4546,-0.0556403588313
4547,-0.0696360626664
4548,0.137597375306
4549,-0.0484588131365
4550,-0.075347842161
4551,-0.0152121898881
4552,-0.0203272850711
4553,0.0102607445202
4554,0.0358021662965
4555,-0.0472011517931
4556,0.022646675278
4557,0.191396615808
4558,-0.123608443198
4559,-0.0381900124503
4560,0.00445992123861
4561,0.0844410934883
4562,0.0283864012726
4563,-0.0442986474897
4564,0.147133859573
4565,-0.025777521111
4566,0.0201074995522
4567,0.0287752857274
4568,0.0375947329681
4569,0.00506555760103
4570,0.0399752286901
4571,0.0914409871005
4572,-0.0458498064075
4573,-0.0142868161331
4574,-0.0113253668741
4575,0.16129779795
4576,-0.0288476335247
4577,0.0685304058648
4578,0.058365165515
4579,0.0843267518611
4580,0.0578419484758
4581,-0.0301063838087
4582,-0.10889489985
4583,-0.0463973257295
4584,-0.0127656819633
4585,0.0493613596885
4586,0.0085172737946
4587,0.0311179925157
4588,-0.0334595997693
4589,0.017560468799
4590,-0.0105772926774
4591,-0.041563734576
4592,0.0634616564118
4593,0.0319187102262
4594,-0.0211659231338
4595,-0.00546340105882
4596,-0.00587466478933
4597,0.0816979408133
4598,-0.00592871757542
4599,-0.0509938341713
4600,0.0704157992657
4601,0.00686153294088
4602,0.0196164516213
4603,0.0986221444483
4604,0.0497434130988
4605,-0.00763803788593
4606,0.0826035779249
4607,-0.0126553432256
4608,0.0605472362767
4609,0.039192368023
4610,0.0399412890628
4611,-0.0366312222553
4612,-0.0811779284883
4613,-0.0161355745646
4614,0.0264421855711
4615,-0.104966179809
4616,0.100923968429
4617,-0.014981866404
4618,0.0094738024211
4619,0.0326462197426
4620,0.0418157587468
4621,-0.0508998388542
4622,-0.105750583829
4623,0.041058753207
4624,-0.00911582899175
4625,-0.102142173476
4626,-0.00681213003472
4627,-0.0742887919573
4628,0.0481723416822
4629,-0.0715258935334
4630,-0.0792641640082
4631,-0.098071172617
4632,0.0271062499142
4633,-0.0321489617854
4634,0.064125206257
4635,0.0634698744485
4636,-0.0594989929853
4637,0.0340520359316
4638,0.128171258915
4639,-0.0134199130989
4640,-0.00730866677231
4641,-0.0169532697397
4642,-0.0902987796223
4643,-0.0654341277325
4644,0.0162186681047
4645,0.123715809941
4646,0.076807803611
4647,-0.0220224040427
4648,-0.0425556897862
4649,-0.0502869742639
4650,0.0816659305623
4651,0.0394678273999
4652,0.0495879701156
4653,-0.0471171469592
4654,-0.0117585184496
4655,-0.0147251803313
4656,0.0451986143681
4657,-0.042067110095
4658,-0.0647090082947
4659,-0.0403403021907
4660,0.0534237383958
4661,-0.0431251044496
4662,0.00467600000818
4663,0.0601044606255
4664,-0.00664886749961
4665,0.0669646625987
4666,0.0895635590188
4667,-0.0217889603408
4668,0.0485143558034
4669,0.0582019737181
4670,0.0169656732591
4671,-0.0703288631927
4672,0.0107134342119
4673,-0.00217243991061
4674,-0.110968127477
4675,-0.0335275953941
4676,-0.0408919911749
4677,0.0954158300338
4678,-0.0422715087578
4679,0.035391055312
4680,0.0808242930225
4681,0.0760437624521
4682,-0.0794923660233
4683,0.108575803133
4684,0.0332869240439
4685,-0.0910294786611
4686,-0.0944932954341
4687,-0.00740186258735
4688,0.0242855040219
4689,0.0801888270227
4690,-0.093932236711
4691,8.11399132197e-005
4692,0.0135619015155
4693,0.106952092364
4694,0.0242740515904
4695,0.0176814902587
4696,-0.0134623019778
4697,0.0389198250514
4698,0.0918218334948
4699,0.0624597391439
4700,-0.0561021313741
4701,0.0589950092193
4702,0.0322633746246
4703,-0.0763017306327
4704,0.120720686451
4705,-0.0682550276476
4706,-0.0761056655463
4707,-0.0565444503138
4708,0.0193682421467
4709,0.108844701649
4710,-0.0873960328155
4711,0.0194538050953
4712,0.0891056283251
4713,-0.125409438385
4714,0.0301145581367
4715,-0.0414656254186
4716,-0.0307694844241
4717,0.0365849302815
4718,0.00206360106443
4719,0.103739480661
4720,0.0564301902044
4721,-0.0480135265255
4722,0.0329332170632
4723,-0.0164441226413
4724,-0.00136829381247
4725,-0.0232936434415
4726,0.0703548183447
4727,0.0845723319117
4728,-0.0675727814486
4729,-0.0109494038426
4730,0.0934375671513
4731,0.0395156320689
4732,0.0186566642098
4733,0.129086213049
4734,0.0321305335345
4735,0.130707015272
4736,-0.0840958234131
4737,0.0327959151674
4738,-0.0391296368005
4739,0.0176405469767
4740,0.0343677415511
4741,0.082767569427
4742,-0.0627795162549
4743,-0.0209013809024
4744,0.0134763271862
4745,0.0669305187276
4746,-0.0441885745057
4747,0.0248789147239
4748,0.025103480664
4749,-0.0309858521766
4750,0.0225422576129
4751,0.0744378216689
4752,0.00385881695314
4753,0.0506930989978
4754,0.0844944099391
4755,0.0177034887376
4756,-0.0801898821699
4757,-0.0943422605283
4758,-0.0280651883389
4759,0.0257201979331
4760,0.0408207671838
4761,-0.00308589452143
4762,0.0908395864799
4763,-0.0827863414931
4764,0.0570474178248
4765,-0.0369826141128
4766,0.0793754293731
4767,-0.00564060599724
4768,0.0396259745211
4769,-0.013405897019
4770,0.0441795302655
4771,0.000174228665549
4772,0.0204159308167
4773,0.0681473523431
4774,0.109361671289
4775,0.060493629374
4776,0.0367483989072
4777,0.067820516499
4778,-0.0342261580154
4779,0.057175127815
4780,-0.0111928002669
4781,0.0309698225998
4782,0.0241646989292
4783,-0.0578893023211
4784,0.019104663902
4785,-0.0629627028808
4786,0.0127969003657
4787,-0.00784460128962
4788,-0.0392564329938
4789,0.0495360246505
4790,-0.0521932392108
4791,-0.0132535199061
4792,0.11825114881
4793,0.0881973802661
4794,0.0957895472367
4795,-0.0164755448879
4796,0.054764933364
4797,0.0408954059355
4798,-0.0821487420379
4799,-0.0755669378234
4800,-0.044415619487
4801,0.0180074134915
4802,0.00364872543285
4803,0.0816185137263
4804,0.00843588631587
4805,-0.0546170422662
4806,0.0117184872692
4807,-0.0010217711115
4808,0.0301555167676
4809,0.00499279218034
4810,-0.0293865032466
4811,-0.0348662613595
4812,-0.0227005560835
4813,-0.0114836041449
4814,0.00734649867401
4815,-0.0350784595049
4816,-0.0726253921687
4817,-0.11936033881
4818,0.0438557055911
4819,-0.0333911861767
4820,-0.0820115139709
4821,0.0543381623982
4822,-0.102907849136
4823,-0.0592468729364
4824,0.0624266979199
4825,0.0320159366735
4826,-0.0310268023297
4827,-0.045095520523
4828,0.018886818491
4829,0.0179177231526
4830,-0.00773350294298
4831,-0.0611942756963
4832,-0.0202227601679
4833,-0.0734363625064
4834,0.00509921209374
4835,-0.00377669867281
4836,0.0363622142554
4837,-0.0431585240469
4838,-0.0452800709326
4839,-0.0702316806814
4840,-0.0235306973138
4841,0.00629699364551
4842,-0.100230757319
4843,0.0425308603282
4844,-0.098824207426
4845,0.0725692955497
4846,0.0476144771237
4847,-0.00284856729649
4848,-0.0680948869216
4849,-0.0296989969096
4850,-0.0174750705864
4851,0.0332996465694
4852,-0.035341593312
4853,0.0491441937165
4854,-0.0116114095355
4855,0.0421991701023
4856,-0.0365465332772
4857,-0.0355938158824
4858,0.01379992535
4859,-0.000764898091807
4860,-0.0925706320082
4861,-0.001849265623
4862,-0.00199257367894
4863,0.08904222158
4864,0.00831950851361
4865,-0.0949651586063
4866,-0.0840036644859
4867,-0.0854774646997
4868,0.0848284758872
4869,0.0270487071421
4870,0.0163975107
4871,-0.0294100403113
4872,-0.00369088678122
4873,-0.121576884382
4874,-0.109413770448
4875,0.0388699672803
4876,-0.0110273199352
4877,0.0120833248587
4878,0.0761404719482
4879,0.0664115159931
4880,-0.088741106454
4881,-0.0758112593996
4882,0.0412672926928
4883,-0.0262268405694
4884,-0.0280179024012
4885,0.000223468891996
4886,-0.0435188118334
4887,-0.0689204643869
4888,0.0362594455808
4889,0.0414921941961
4890,0.0515487196584
4891,0.00408211149492
4892,0.0470931021666
4893,-0.0540301720468
4894,-0.0109858957551
4895,0.0513498454771
4896,0.0430698991704
4897,0.0150907757403
4898,0.0423130760553
4899,-0.0317747180923
4900,-0.0767081721832
4901,0.0251183481876
4902,0.0632135019129
4903,-0.114726507317
4904,0.0490998612272
4905,-0.0188239147129
4906,0.0103982804447
4907,-0.00226944736697
4908,0.0642674077285
4909,0.0209006088108
4910,0.0587846902527
4911,0.00490038961675
4912,-0.0410273453853
4913,0.0570223737747
4914,0.089621282251
4915,0.0712841039621
4916,0.0585872270016
4917,0.0212130339336
4918,-0.0844212804789
4919,-0.0343352808424
4920,-0.0343251898642
4921,0.0236073139357
4922,0.0217757856765
4923,-0.0223650496613
4924,-0.0438809075973
4925,0.0686208108197
4926,0.121067516843
4927,-0.0701026476048
4928,-0.100136245706
4929,0.0204801193153
4930,-0.0354073448549
4931,-0.0361412320513
4932,-0.00875975104164
4933,0.0548383652727
4934,-0.0172806239463
4935,-0.119232981659
4936,-0.0754110416217
4937,-0.100299763642
4938,-0.0239473202406
4939,0.0346837329691
4940,-0.0105379813971
4941,0.0640370913473
4942,-0.00178446648422
4943,0.0310424452909
4944,-0.0507837838749
4945,0.0663710354732
4946,-0.0505672542577
4947,0.0361424958617
4948,0.0155629748193
4949,-0.0775918960563
4950,-0.0338105009668
4951,-0.0510215069217
4952,0.0319141370072
4953,0.0798598118593
4954,-0.0881621448053
4955,-0.0180940228135
4956,0.00842353543764
4957,-0.0742035972405
4958,0.00561626667062
4959,0.0559473498188
4960,-0.015400557516
4961,-0.0563068630799
4962,0.129411796496
4963,0.0251127652299
4964,0.0344079079657
4965,-0.0684211882035
4966,-0.0715596395542
4967,-0.0818407128788
4968,0.00943645385128
4969,0.0738131528061
4970,-0.0704288481431
4971,0.0709389428334
4972,0.0424325713318
4973,0.0705509609803
4974,-0.0518940518753
4975,-0.0255445040891
4976,-0.0616974247838
4977,-0.0193399983977
4978,0.0200370178653
4979,0.0435945133108
4980,0.0282531861223
4981,0.0715820659322
4982,-0.0465026220829
4983,0.00792852993877
4984,-0.154484230273
4985,0.0368491221047
4986,-0.0518151148006
4987,0.0282996546084
4988,0.0746267877433
4989,-0.0517515492246
4990,-0.0175608232479
4991,-0.00743669296201
4992,-0.0858861745488
4993,-0.0696944731276
4994,0.101538214381
4995,0.0659117435506
4996,0.0653962813757
4997,0.0828056106022
4998,-0.0495789718568
4999,-0.0221386120593
5000,0.044149443559
5001,-0.037642604173
5002,0.103953281646
5003,-0.0788286601705
5004,-0.0352816915633
5005,-0.0725971504851
5006,0.047035613517
5007,0.0164951444327
5008,0.11404984327
5009,-0.0530263062654
5010,-0.0819188628781
5011,-0.0783557489933
5012,0.0011726680802
5013,0.145869075122
5014,-0.0564221637591
5015,-0.152844424207
5016,-0.0190342592554
5017,0.0257771680574
5018,-0.0301058871668
5019,-0.0222351605414
5020,0.0617366950017
5021,-0.0426464940087
5022,0.0238929591022
5023,-0.0323787379846
5024,0.0743893215799
5025,-0.0262105123609
5026,-0.0153308303913
5027,0.00737041073803
5028,-0.0923367532281
5029,0.0134276784798
5030,0.0162387951022
5031,-0.00992622121411
5032,-0.0125909335479
5033,-0.0198679754967
5034,0.0619015730352
5035,0.0770080570024
5036,0.115673750457
5037,0.000344031284028
5038,0.026444415747
5039,0.00486373512682
5040,0.132912241231
5041,-0.0297108074971
5042,0.0190094393492
5043,-0.0516721087291
5044,-0.0962596443326
5045,0.0618513124654
5046,0.0681017006533
5047,-0.0127506985094
5048,-0.0493947637906
5049,0.0100807806678
5050,-0.0488589945918
5051,-0.0337662434024
5052,0.0389707607911
5053,-0.0878981206879
5054,0.0114220365497
5055,0.0421538897564
5056,0.0173741332435
5057,-0.0827949614615
5058,-0.0565557881057
5059,-0.0362991277543
5060,0.117956841239
5061,0.0927753407211
5062,-0.0127752488685
5063,0.0226723636823
5064,-0.0588499300771
5065,-0.0512791875996
5066,0.00189750737772
5067,0.0246548090828
5068,-0.0518236044247
5069,0.0144279440148
5070,-0.0279154686031
5071,0.0831018365418
5072,0.005326944812
5073,0.0196090720626
5074,0.00225904477911
5075,0.0215589593697
5076,-0.154290160137
5077,0.073028806788
5078,0.025996166628
5079,-0.0117145891826
5080,0.0378593438237
5081,-0.0840736268219
5082,-0.0515626002071
5083,0.00117178789318
5084,-0.0169234584163
5085,0.0971530980423
5086,-0.0691048359212
5087,0.0194802863336
5088,-0.0955497734016
5089,0.0786750347461
5090,-0.0762621983097
5091,0.0138453551694
5092,-0.0902467932796
5093,-0.0879116187392
5094,-0.0720739289072
5095,0.0761651132974
5096,-0.035431983946
5097,-0.000589123760621
5098,-0.0414299444135
5099,0.0476990866159
5100,0.0383739585036
5101,0.03112493637
5102,0.0314237697469
5103,-0.0319008155648
5104,0.0719027930654
5105,0.0237333423287
5106,-0.0239439958536
5107,0.0477002894521
5108,-0.00884177313788
5109,0.0629620298835
5110,0.00336548258212
5111,-0.0517819595619
5112,-0.0191692912749
5113,-0.0149541740315
5114,0.0451037561825
5115,0.069460433033
5116,0.0850829003048
5117,0.0618140112957
5118,0.0252855101208
5119,0.17416318171
5120,0.0343162817557
5121,0.000907719041518
5122,0.0125435534285
5123,-0.053223729606
5124,-0.0492331899888
5125,-0.047836495755
5126,0.00538960854645
5127,-0.041504307535
5128,0.0344663974464
5129,-0.0760461360176
5130,0.00131440579795
5131,0.0270401605261
5132,0.0391793896034
5133,-0.0193423109987
5134,-0.0062988806089
5135,-0.049204056685
5136,0.0147318844704
5137,-0.042889868489
5138,-0.0063810263513
5139,0.0612321669818
5140,-0.0112618790726
5141,-0.0273734804239
5142,0.00857252189147
5143,0.0407422921459
5144,-0.0678004719085
5145,0.00124681372138
5146,-0.0207309083463
5147,0.0270537118917
5148,-0.0636103555331
5149,0.0725659320543
5150,0.103469235575
5151,0.0634150447974
5152,0.0977888213853
5153,-0.000266373507014
5154,0.0271087185857
5155,0.0388880360991
5156,-0.00645288007527
5157,0.0771947980461
5158,0.00840202304351
5159,0.0529409839906
5160,0.0637997150356
5161,-0.0620737631233
5162,-0.0598889545879
5163,-0.0617656773475
5164,0.0781908602869
5165,0.0422041025239
5166,0.0305209082112
5167,0.0120358247523
5168,0.13330631072
5169,0.0276508836351
5170,0.000391690491834
5171,0.00939006035304
5172,0.0381982241624
5173,-0.156289963156
5174,-0.0156339470101
5175,-0.00813871014626
5176,-0.0665150857313
5177,0.0463549270259
5178,0.0784170586319
5179,0.00722731833586
5180,-0.00888328887851
5181,-0.0507038597252
5182,0.0666156357928
5183,0.0279354846632
5184,0.112165374585
5185,0.107539238215
5186,-0.109178220638
5187,-0.0824557683252
5188,-0.123436989869
5189,0.014500201401
5190,0.00523430500733
5191,0.0826084354582
5192,-0.0435062641826
5193,-0.0746290140077
5194,0.0179809877089
5195,-0.0788180725144
5196,-0.0756323563496
5197,-0.0147001151768
5198,-0.0238331005531
5199,-0.0175197673939
5200,-0.0783563468169
5201,0.0447145911402
5202,-0.0216121574206
5203,-0.0419182333132
5204,0.0746234969993
5205,0.031664691095
5206,-0.0648170434625
5207,-0.00385788410328
5208,-0.0260681285991
5209,0.0942677426299
5210,-0.0479146426008
5211,0.1226694436
5212,-0.00720324892578
5213,-0.0229681936009
5214,-0.0825806068771
5215,0.0109021783287
5216,0.0536140801521
5217,-0.0654175056499
5218,0.093306745709
5219,0.0570928444452
5220,0.102632322236
5221,0.034051340981
5222,-0.0667288151218
5223,-0.0857515556377
5224,-0.0700323482766
5225,0.064818532496
5226,-0.00993409506395
5227,0.0131459407903
5228,0.0282433377577
5229,-0.0594821689188
5230,0.0373935850601
5231,-0.135547524163
5232,0.014647674857
5233,0.00457315696646
5234,-0.0562636432579
5235,-0.018327820106
5236,0.0714037172335
5237,-0.0615519183267
5238,-0.00458708538665
5239,-0.106812250405
5240,0.0330208489123
5241,-0.00882285046962
5242,-0.0214865956254
5243,-0.0287630179736
5244,0.0522750230158
5245,-0.0226986443454
5246,0.0012710162562
5247,-0.0375618639429
5248,-0.0142007129823
5249,0.0158328530434
5250,0.00843505593777
5251,0.0662904237557
5252,0.0682636972531
5253,0.00931314518123
5254,-0.011776100429
5255,-0.0713100479823
5256,0.121728589153
5257,0.0217788697904
5258,0.0650067086341
5259,0.0496474302629
5260,-0.0513983930681
5261,0.0782378143269
5262,0.0100897203569
5263,0.000641331952959
5264,-0.0642955528025
5265,0.0524649855156
5266,-0.0653941515103
5267,-0.000737886466529
5268,-0.0338747485645
5269,-0.0435690246913
5270,0.0669793650692
5271,-0.000917578533875
5272,0.067549837126
5273,0.000188924918517
5274,-0.0844596283972
5275,0.0211273730583
5276,0.0319506477009
5277,0.0468009652077
5278,-0.117476474732
5279,0.0454477640873
5280,-0.00468676941455
5281,-0.0848580401711
5282,0.00304842103982
5283,-0.0123175906322
5284,-0.0116725066582
5285,0.143037076422
5286,-0.000962684154808
5287,0.0511991572197
5288,0.029397658885
5289,0.0294551951851
5290,-0.0439039268595
5291,0.0578653994174
5292,-0.090444146186
5293,0.00200440467336
5294,-0.0688164637563
5295,-0.079796187749
5296,0.0655383861289
5297,0.00581688041044
5298,-0.0136142368959
5299,0.0867214490607
5300,0.0202687870747
5301,-0.0406653949851
5302,0.0323314361208
5303,-0.00659241199206
5304,0.0243156623664
5305,-0.0269105797595
5306,-0.103841676121
5307,0.0443156440612
5308,-0.126439886035
5309,-0.0705095531155
5310,0.0474191834401
5311,0.00691393670412
5312,0.136912726381
5313,-0.0715011446789
5314,0.110093721656
5315,0.0284354205909
5316,0.0459529599919
5317,0.0117085454443
5318,0.0131172589697
5319,0.0300029917474
5320,-0.0833054194598
5321,-0.0623448594458
5322,0.0136900641901
5323,0.055676081884
5324,0.0754866005842
5325,-0.124255889059
5326,-0.0719527415431
5327,-0.0294357409315
5328,-0.0195434394023
5329,-0.0227790942024
5330,0.0338296046395
5331,0.00930084284207
5332,0.0441579765863
5333,-0.0136724412915
5334,0.0139778223878
5335,-0.111078946178
5336,-0.0872849284454
5337,0.00437599651454
5338,-0.139454260246
5339,0.014169247305
5340,-0.00444547654885
5341,-0.0145243883587
5342,0.0250241002206
5343,0.0546888065168
5344,0.0433275781997
5345,0.0190604909686
5346,0.116665814331
5347,0.0543795624791
5348,0.0455286192216
5349,-0.00819503362445
5350,0.0220188912956
5351,0.0240468039487
5352,-0.0730158056343
5353,-0.0512402143608
5354,0.0119513121002
5355,0.109854385768
5356,-0.0880093446067
5357,-0.0674720809597
5358,0.0496695202442
5359,0.0492689823216
5360,0.036956823499
5361,-0.0212745895524
5362,0.00908420229805
5363,0.0279436144307
5364,-0.112659187344
5365,0.0363775832281
5366,0.0361106615118
5367,0.0513880585452
5368,0.114119762644
5369,0.0151630522072
5370,-0.0220783087594
5371,0.00434993475447
5372,-0.0293325124646
5373,0.0759715208329
5374,0.080994423138
5375,-0.00273048217687
5376,0.0219765376247
5377,-0.057209790195
5378,-0.105555232856
5379,-0.0135633378553
5380,0.045913573856
5381,-0.0189422836357
5382,0.0478292907735
5383,0.0659610205192
5384,-0.00851822157684
5385,0.0320040919451
5386,0.0051058239572
5387,0.0339057361583
5388,-0.0277246789092
5389,0.012234268819
5390,0.0446732912485
5391,0.00221525796321
5392,0.0480604085688
5393,0.090715186464
5394,0.037710031203
5395,-0.0758895954516
5396,0.0636489148418
5397,0.0980881150357
5398,-0.0328847685622
5399,0.0144748792338
5400,-0.0574446327457
5401,-0.0307778831455
5402,-0.094286984522
5403,-0.0189772481672
5404,-0.0266254693332
5405,-0.0356419588608
5406,-0.0395842283606
5407,-0.104697185218
5408,-0.0324695772022
5409,0.211430604048
5410,0.0880672128464
5411,0.0826199154203
5412,-0.116549970886
5413,-0.0118007304767
5414,0.0284304811883
5415,-0.0177322162158
5416,-0.0168045735015
5417,0.0166997104885
5418,0.0164702633865
5419,0.00487598650717
5420,-0.0791102119897
5421,-0.0600446353218
5422,-0.00857910508617
5423,-0.0140095017767
5424,-0.00569819076871
5425,-0.0127260944616
5426,0.00890774610615
5427,-0.0487303106302
5428,0.0244050618582
5429,0.0701420792275
5430,0.0453520024581
5431,-0.0499271028471
5432,-0.0407247548297
5433,-0.0716499814649
5434,0.0216199242075
5435,-0.0730324556387
5436,0.0345451547296
5437,-0.162239207361
5438,-0.0527921944139
5439,0.0406639547226
5440,-0.0423610571027
5441,0.00777939504379
5442,0.000756093484472
5443,0.00135763796778
5444,0.063531321387
5445,0.0343031802844
5446,0.0294366985901
5447,-0.0703132482521
5448,-0.121940658014
5449,0.033435201706
5450,0.0289383676675
5451,-0.0228536230689
5452,0.0563365139511
5453,-0.0284751570282
5454,-0.0244092958772
5455,0.00748513175948
5456,0.0291727089836
5457,-0.0616142645574
5458,-0.113150278661
5459,0.02210854786
5460,0.123831243463
5461,0.0370851288871
5462,0.0865540036785
5463,0.0711456641426
5464,0.0238095575069
5465,-0.00742695074999
5466,-0.119527773612
5467,0.0320431271025
5468,-0.0281099461699
5469,0.0275086086551
5470,-0.0238063613523
5471,-0.0271781341397
5472,-0.0086382852447
5473,-0.070559101252
5474,0.0461931150168
5475,-0.107542211171
5476,-0.0746725492303
5477,0.0991839209374
5478,-0.172442031934
5479,-0.0148126202218
5480,-0.116377507428
5481,0.00928827285377
5482,0.0178851297659
5483,-0.00360863711991
5484,0.0251856901982
5485,0.0138840398974
5486,-0.0675942632921
5487,-0.0184451786621
5488,0.0330959197242
5489,0.0312787459874
5490,-0.0565556575902
5491,-0.0373707602599
5492,0.0554259328383
5493,0.0515629849576
5494,-0.0468211360637
5495,0.00400919262161
5496,0.0010640019843
5497,0.0573651046201
5498,0.00611782478182
5499,-0.0291472261682
5500,0.0961253737749
5501,-0.065691237459
5502,0.0390898337937
5503,-0.0485848937863
5504,0.060864074504
5505,0.0104897279344
5506,-0.00650109726294
5507,0.0795137538425
5508,-0.015662986095
5509,0.004354536298
5510,0.106428976201
5511,0.0169728963088
5512,0.0278634333155
5513,0.0806031236235
5514,0.0179052752768
5515,0.0573294392456
5516,-0.0269205660367
5517,-0.030213498136
5518,0.00409288691369
5519,-0.0824466389338
5520,0.0328884286509
5521,0.0561510241198
5522,0.0466146862806
5523,-0.0456533701022
5524,0.0672439161016
5525,0.00768285146681
5526,0.0938580982373
5527,0.0593310580493
5528,0.0700622177945
5529,-0.0648222930781
5530,0.0687796901286
5531,-0.0673555302002
5532,0.0140036624772
5533,0.0423031303447
5534,0.0793262054079
5535,0.0121561457895
5536,0.019552840832
5537,0.109974875824
5538,0.0142261329382
5539,-0.115356573884
5540,-0.051274579507
5541,-0.00639254643197
5542,-0.0601856299246
5543,-0.0919915200186
5544,-0.0200814438764
5545,-0.00951998674201
5546,-0.065816775776
5547,-0.0308889439395
5548,-0.02562055366
5549,-0.0683197292144
5550,0.0382931951761
5551,0.0252837631338
5552,0.0303833090388
5553,0.00584186231878
5554,0.0371897423229
5555,0.0789712375418
5556,0.0281255933242
5557,-0.056110729078
5558,-0.0263816842153
5559,-0.090467550513
5560,0.122311485552
5561,-0.00248389156407
5562,-0.0432976971221
5563,-0.0155635670313
5564,-0.0268601733848
5565,0.0563890600508
5566,-0.00649422911779
5567,0.0349570982174
5568,0.0470169896557
5569,-0.0271048936946
5570,-0.00918928154957
5571,-0.0862811023926
5572,-0.0398769060908
5573,-0.080924501306
5574,-0.0295447107004
5575,0.114505906972
5576,-0.185289876156
5577,-0.0500379048954
5578,-0.0256559289345
5579,0.0547446059217
5580,-0.00291275109625
5581,-0.0172809493742
5582,0.0118140687416
5583,0.0460522763536
5584,0.0567375821636
5585,0.108098367269
5586,0.02562744182
5587,-0.0426327368651
5588,0.0274793569277
5589,-0.123279448624
5590,-0.0317542326669
5591,-0.0193523436457
5592,-0.102308693353
5593,0.0761457853118
5594,0.0329132430938
5595,0.113817779393
5596,0.00276658293259
5597,0.0682498819927
5598,-0.0540528895797
5599,-0.0356865739166
5600,-0.0229175114265
5601,0.0012928999142
5602,-0.0461905814132
5603,-0.0450395540099
5604,0.0253056997613
5605,0.0649143786314
5606,0.042276468306
5607,0.0274112362194
5608,-0.0076673336076
5609,-0.0679654156015
5610,-0.0508062616056
5611,0.0555726799789
5612,0.0390804416167
5613,0.003498812395
5614,0.036125323252
5615,-0.0368450836895
5616,-0.0134671646958
5617,-0.0082314242562
5618,-0.0357939137495
5619,0.083782522718
5620,-0.0910548854696
5621,0.0150622463747
5622,-0.0236688549882
5623,0.0102704752057
5624,0.0919000595579
5625,0.00861841894272
5626,-0.0104318891029
5627,-0.16726958321
5628,0.0653196714386
5629,-0.0822437514891
5630,-0.0917579519878
5631,-0.0500022918903
5632,-0.0527044501041
5633,0.0649541774639
5634,-0.00574329413374
5635,-0.0436660448528
5636,-0.0179886692351
5637,-0.0265755895129
5638,-0.0272485970425
5639,0.0326226160383
5640,0.0405977705377
5641,-0.0114265255743
5642,0.00477739617805
5643,0.0426267303323
5644,0.00163021944765
5645,-0.0348020053675
5646,0.0228323484567
5647,0.0134394990075
5648,-0.0258270285494
5649,-0.0121882547857
5650,0.0324996580269
5651,0.0628724837209
5652,0.0603040248434
5653,0.0203042690752
5654,-0.00855200678883
5655,-0.116780650256
5656,-0.00998778501471
5657,0.051699955405
5658,0.0446518664781
5659,0.00516119864202
5660,-0.024203244229
5661,-0.00552030398733
5662,0.0912212217995
5663,-0.0256794223828
5664,0.0228044733393
5665,-0.0265021325842
5666,-0.052498471404
5667,-0.181169168162
5668,-0.104058885778
5669,0.0467653033881
5670,-0.0420647102594
5671,0.0604227465793
5672,-0.0221549770641
5673,-0.0547558039245
5674,0.00886635553129
5675,-0.00576228626463
5676,0.0226786666036
5677,0.0811211170479
5678,0.0183720074947
5679,-0.0890698791243
5680,-0.0438681429801
5681,-0.0014254521455
5682,0.0652342586995
5683,0.0366874644491
5684,-0.00690906783803
5685,-0.0699191981584
5686,0.0438585371893
5687,0.0934438736579
5688,0.0548468392369
5689,-0.0239520628994
5690,-0.00424658819209
5691,0.0829641887774
5692,-0.0207342865666
5693,0.0542933949202
5694,-0.00637484720954
5695,-0.041531323856
5696,0.0356023947875
5697,0.0658251186843
5698,-0.00266135092161
5699,0.00501515969743
5700,0.0470783007856
5701,-0.0411407297302
5702,0.123801211271
5703,0.0529397765106
5704,-0.0843444914489
5705,0.041346129523
5706,-0.0513413427508
5707,0.0370627349879
5708,0.0543891211399
5709,0.0760941359905
5710,0.0370472325326
5711,0.105363782537
5712,-0.0399679257332
5713,0.0197351949417
5714,-0.0291478679531
5715,0.0456216107074
5716,0.084015708977
5717,-0.0837814317309
5718,-0.0823747133813
5719,0.0488010105663
5720,-0.077182327558
5721,0.0991865705504
5722,0.0802962859718
5723,-0.0304031213385
5724,0.0518259991001
5725,-0.0475635488528
5726,0.0266441733666
5727,0.0584856324284
5728,0.093833996764
5729,-0.0089640690808
5730,0.0838018160004
5731,0.0293246445954
5732,-0.00604145657085
5733,-0.0796171256071
5734,-0.0167242310164
5735,0.0636050802274
5736,-0.0757957505618
5737,0.0648767869808
5738,-0.0659612514395
5739,0.0175874471866
5740,0.176680259164
5741,-0.0211272391125
5742,0.0802022027888
5743,-0.0394016126961
5744,0.0077163525159
5745,0.00167065480466
5746,-0.0156472226296
5747,0.0356186040834
5748,0.077767838956
5749,0.0185643683475
5750,0.0392587198611
5751,-0.0376652092923
5752,0.0805043148871
5753,0.0564360792643
5754,-0.0712271708634
5755,-0.0528473710786
5756,-0.026912408529
5757,0.0346895518034
5758,-0.0251730737319
5759,0.050770495932
5760,0.0139088597469
5761,0.0516308603259
5762,0.0218194828678
5763,0.103274971721
5764,-0.0602620373544
5765,-0.0572853224263
5766,0.112441358567
5767,-0.00649399566565
5768,-0.0608599184061
5769,0.0631497860942
5770,-0.0199766707341
5771,-0.123735083538
5772,-0.0134012647877
5773,-0.104696081354
5774,-0.00221594696923
5775,0.00876766624324
5776,0.0410454481442
5777,-0.0917736598958
5778,0.0745081073784
5779,-0.125579165396
5780,-0.00655896987972
5781,-0.0642360772566
5782,-0.0206758670815
5783,-0.0504661209871
5784,0.0754509723138
5785,-0.0323637542239
5786,-0.0128246560254
5787,-0.0351103765242
5788,0.0053141162821
5789,-0.0720131759419
5790,-0.0362248131709
5791,0.0499824909763
5792,0.0237659907179
5793,-0.0108422432319
5794,-0.0147121958425
5795,-0.00830649758222
5796,-0.0307683831643
5797,0.00710514046606
5798,-0.0251855762778
5799,-0.0361251691139
5800,0.123033973324
5801,-0.0230035461396
5802,0.0303073194746
5803,-0.0648085707163
5804,-0.00668116169884
5805,0.0308969059898
5806,-0.0330326277635
5807,0.000419847418698
5808,0.0644195678571
5809,0.0863257636326
5810,-0.02814029068
5811,0.0158470246165
5812,-0.0829206493452
5813,0.134806857728
5814,-0.0684842134658
5815,-0.0781044623509
5816,-0.0775833803669
5817,-0.0354181567677
5818,0.0476764782453
5819,-0.00689156247062
5820,0.00863643214709
5821,-0.0841746055106
5822,0.0422800509874
5823,-0.0077607372877
5824,0.0421625904907
5825,-0.0357703109282
5826,-0.0176908994399
5827,0.0748655170021
5828,0.0284444568192
5829,-0.0391987384755
5830,-0.0844149895946
5831,-0.0192410143806
5832,0.0588014843491
5833,0.0326568484512
5834,0.00700701093319
5835,-0.0256663024143
5836,-0.00582498648722
5837,-0.0415301601534
5838,-0.0263726207769
5839,0.149048108839
5840,0.0419628456776
5841,-0.0803092174835
5842,-0.0265891369311
5843,-0.060691329753
5844,0.00758170222301
5845,0.0382166285172
5846,-0.05496374541
5847,0.0208021433455
5848,-0.0115788815173
5849,-0.036629547496
5850,-0.0274443902896
5851,0.00251985880431
5852,0.0540986627124
5853,-0.0142087560787
5854,-0.113887915877
5855,0.0647948713867
5856,0.00352870557429
5857,0.0683694853319
5858,-0.0865614293624
5859,-0.0489995589654
5860,-0.0368990242637
5861,0.014023141164
5862,0.0979850236502
5863,-0.00295612105157
5864,-0.0104264036321
5865,0.027048186177
5866,0.0124876195211
5867,0.0184849423366
5868,0.108359766774
5869,-7.17104922365e-006
5870,-0.000456736364931
5871,0.00560965807144
5872,-0.0505574926725
5873,-0.020842798031
5874,-0.177564970374
5875,-0.0442539662205
5876,0.126796629919
5877,-0.0559120912312
5878,-0.00520878842429
5879,-0.0125912690731
5880,-0.0233968987012
5881,-0.0611845862828
5882,0.0742304959101
5883,-0.005236377635
5884,-0.0300137034467
5885,-0.0409035200011
5886,-0.051274227382
5887,-0.0945627904632
5888,-0.00901300239731
5889,-0.0803449347705
5890,0.0664431783802
5891,-0.0901445980985
5892,-0.0019938449596
5893,-0.0368677480925
5894,-0.0688507693231
5895,0.0787732967627
5896,-0.00221176521554
5897,0.135896224949
5898,0.050636880686
5899,-0.0165574757961
5900,0.0137582886254
5901,-0.0760243161234
5902,0.00192550847627
5903,-0.0700040828992
5904,0.0340074552831
5905,0.0576267628823
5906,-0.0152672910585
5907,-0.0891283755418
5908,0.0547397863052
5909,-0.0342674650235
5910,-0.0381855139336
5911,0.120774953576
5912,-0.0185203159603
5913,-0.0660307182326
5914,0.0840491290666
5915,-0.0211802777242
5916,-0.0649429962365
5917,0.0845165255313
5918,-0.00196856705999
5919,0.0100743412694
5920,-0.0601582085358
5921,0.0104053016799
5922,0.0149814960941
5923,-0.0100337322312
5924,0.0335745042301
5925,0.0206366393382
5926,-0.0609501694143
5927,0.122091523425
5928,-0.0089926288761
5929,-0.0853990282747
5930,-0.0716489713191
5931,-0.049676822027
5932,-0.0681674831791
5933,-0.0135576027388
5934,0.0397681555319
5935,0.0636248644821
5936,-0.0398567547706
5937,-0.000834350920701
5938,-0.0115556619954
5939,-0.00745199595537
5940,-0.0191225606108
5941,0.00981223701445
5942,0.0218812947499
5943,-0.0270023774263
5944,-0.0362268810831
5945,0.036418196656
5946,-0.0367034909017
5947,0.0887153991135
5948,-0.0379761928534
5949,-0.044361946757
5950,-0.0768461627501
5951,1.99150797426e-005
5952,0.0136468552453
5953,-0.0781683111645
5954,-0.0067375408273
5955,0.0813671366662
5956,-0.00951124498243
5957,-0.0663905542368
5958,0.0653549114947
5959,0.0134476501417
5960,-0.0701333745066
5961,-0.023537985554
5962,-0.0411320700854
5963,-0.020691548375
5964,-0.0325114921736
5965,-0.0655799718378
5966,-0.0346447698126
5967,-0.000142231654535
5968,0.0826758795933
5969,0.0065722620049
5970,-0.0134942325747
5971,-0.0418838638343
5972,0.0768443378726
5973,0.172892342023
5974,0.0210639056552
5975,-0.124517694107
5976,-0.0432568736444
5977,-0.0513003840098
5978,0.0355394916476
5979,0.0331156303716
5980,-0.042304739144
5981,0.0390955555759
5982,-0.0403069321189
5983,0.0764735419971
5984,-0.0653574338758
5985,0.034095185657
5986,0.0117191728059
5987,-0.0380098605243
5988,-0.0154031079194
5989,-0.00599216755322
5990,-0.0455192408062
5991,0.0804111160691
5992,0.00312625772623
5993,-0.00072819720952
5994,-0.120924231833
5995,0.0109239871772
5996,-0.0241460392205
5997,-0.0761158699625
5998,0.0803694333642
5999,-0.000252431534606
6000,0.00392971243387
6001,0.149624807326
6002,-0.00858713589223
6003,0.130083746379
6004,-0.0012917843923
6005,-0.057208282727
6006,0.053290521338
6007,-0.0685340643976
6008,-0.0437823896987
6009,0.000353916867971
6010,0.0358500994364
6011,0.0747233744345
6012,0.0711604992282
6013,0.0454333774684
6014,-0.0602332398315
6015,-0.0647017543568
6016,-0.0233172436084
6017,0.0221259277941
6018,-0.0375419840021
6019,-0.0905554838729
6020,-0.0415130449594
6021,0.0532114784677
6022,-0.0218309744067
6023,-0.0774852649932
6024,0.0432174591647
6025,0.0787531927285
6026,0.0140209567277
6027,0.0061264464211
6028,0.0305511991879
6029,-0.14329789992
6030,-0.0541168119571
6031,0.00573874813944
6032,0.0524713647499
6033,-0.0626888529219
6034,0.0408812578644
6035,0.00979973156017
6036,0.0821142952464
6037,0.00348175965909
6038,0.00920963009132
6039,-0.0908112279208
6040,0.0338950784459
6041,0.0943775181494
6042,-0.0870142264044
6043,-0.0375487684321
6044,0.139071776258
6045,0.0810566368327
6046,0.0453695524977
6047,-0.0214649311874
6048,0.0215869849907
6049,0.0414535088832
6050,0.0195994343118
6051,0.00981685852657
6052,-0.105635943329
6053,0.000646991278272
6054,0.0337455733732
6055,0.0217476851042
6056,0.112454403904
6057,0.0479431913549
6058,0.0276031038368
6059,0.034352917671
6060,0.00488802445199
6061,-0.01906227783
6062,0.0806691846137
6063,-0.0525930338225
6064,0.0205778279972
6065,0.0377906230795
6066,0.00862536716058
6067,-0.00393063752172
6068,0.0465899772849
6069,0.000312661377555
6070,-0.0431704738761
6071,0.126194980694
6072,-0.0517563982105
6073,-0.0336375063801
6074,-0.0221476398373
6075,-0.0597898355959
6076,0.0810670445528
6077,0.0103152538771
6078,0.0211971848168
6079,0.0278614241334
6080,0.0953525684605
6081,-0.090765147304
6082,-0.0149915235775
6083,-0.0324564073119
6084,-0.0332779294877
6085,0.0231551037397
6086,-0.0138715778742
6087,0.0169239969351
6088,0.00262651376618
6089,-0.0230913091725
6090,0.0244541733759
6091,-0.0358161912928
6092,-0.0503965138626
6093,-0.00448853712167
6094,-0.130482585648
6095,0.0346587165438
6096,0.075949518866
6097,0.0504914441962
6098,-0.0049221781302
6099,0.0312713253088
6100,-0.020518987887
6101,-0.0753379102687
6102,0.1302585454
6103,-0.0394230233684
6104,0.0658648194302
6105,-0.0802057588122
6106,0.0592606610664
6107,-0.0542112135631
6108,0.0169397150398
6109,0.0126687389381
6110,0.0133783039054
6111,-0.0198330028412
6112,0.054996925032
6113,0.0940972359018
6114,0.09685420553
6115,0.0325652802069
6116,0.0566620255838
6117,0.0562528686474
6118,-0.000804536040825
6119,-0.181229331462
6120,-0.141589377434
6121,0.00689857760712
6122,0.0651513306085
6123,0.0204561256475
6124,-0.0526782316497
6125,-0.0173961493317
6126,-0.151422966596
6127,0.0516405466819
6128,0.00267080687012
6129,-0.125081146735
6130,-0.0545002171802
6131,-0.0178940566372
6132,0.00459771806798
6133,0.0692548638212
6134,-0.0485100312545
6135,0.0897700794072
6136,0.0281820380181
6137,0.081775341393
6138,-0.0303225162566
6139,-0.0264540785871
6140,0.0192049591378
6141,-0.00861994230988
6142,0.0206135323863
6143,-0.00761977056906
6144,-0.0113170668262
6145,-0.0823286381828
6146,-0.140188399505
6147,-0.0333022642575
6148,0.085761317117
6149,0.00119087457729
6150,-0.0132248313789
6151,0.019241749808
6152,0.0194702302426
6153,-0.0793275156362
6154,-0.0996993776446
6155,0.000364308743623
6156,-0.0305581760586
6157,0.0946953382401
6158,-0.149064310127
6159,-0.081051057237
6160,-0.0651521757963
6161,-0.00859183194803
6162,-0.0718386683381
6163,-0.0299334044531
6164,-0.0272695905778
6165,-0.10648449064
6166,0.0144661368951
6167,-0.0220688935615
6168,0.0078417377092
6169,0.0394544557533
6170,-0.0667687063382
6171,0.00445193294138
6172,-0.018486440899
6173,-0.0567497607506
6174,-0.0679606743903
6175,0.00920642793187
6176,-0.0281815740232
6177,0.0474763639014
6178,0.0451417079024
6179,-0.0563520305818
6180,0.0638443972989
6181,0.00373552091868
6182,0.0808952699707
6183,-0.0455381620655
6184,-0.120670828887
6185,-0.0359630172023
6186,0.0530970174087
6187,0.102096299076
6188,-0.0940237434295
6189,0.0183616752294
6190,-0.0306806078322
6191,0.0191153176533
6192,0.0407766599747
6193,0.0200544685222
6194,-0.0356305344853
6195,0.0197198597498
6196,0.0734343394286
6197,0.0318603107361
6198,-0.0357163028614
6199,0.0595421006277
6200,-0.0201688051403
6201,0.00401962533911
6202,-0.0367353254231
6203,0.0377351711807
6204,0.0238455597411
6205,0.0353858907144
6206,0.0700307997785
6207,-0.0767972893706
6208,-0.0348760436775
6209,-0.0924469269588
6210,-0.0104911587045
6211,-0.107920209131
6212,-0.107547819578
6213,-0.0340782011886
6214,-0.104664260311
6215,0.0425166555984
6216,0.055556773038
6217,0.0648699099964
6218,-0.0494366887001
6219,-0.00836767380372
6220,-0.0491858218091
6221,0.0487993617228
6222,-0.0267175499185
6223,0.0328899117341
6224,-0.00595603086296
6225,-0.0150622233162
6226,0.016260612111
6227,-0.0290837971413
6228,-0.0799813972931
6229,-0.0770118927462
6230,-0.0154274405589
6231,0.120185776846
6232,-0.0479979838061
6233,0.0108260656451
6234,0.0191584060127
6235,0.0538398440927
6236,0.00777369332795
6237,-0.133257842959
6238,0.0147104941723
6239,0.0454862133831
6240,-0.0872992567913
6241,-0.0987700288994
6242,-0.0554264138728
6243,0.0236456363952
6244,0.0386123989513
6245,-0.00936107249738
6246,0.0278031895219
6247,0.046420300554
6248,0.0187545689178
6249,-0.0702810281544
6250,0.0119747335997
6251,-0.079053125704
6252,0.0471630252474
6253,-0.0148009285823
6254,0.0498177252722
6255,0.130598360603
6256,-0.0064674063746
6257,0.00594442835735
6258,-0.0712480241799
6259,-0.00674698542447
6260,-0.0180038912751
6261,0.0328051011735
6262,0.0394993002103
6263,0.0222924401241
6264,-0.0695768886047
6265,-0.0837941184375
6266,-0.000492010710189
6267,0.114771121308
6268,-0.0395785755388
6269,0.158637321494
6270,-0.0425962577117
6271,-0.0589719548779
6272,0.0421066233754
6273,-0.0924444742623
6274,0.0612352344845
6275,0.0301432458251
6276,0.0319445193517
6277,-0.0898187861855
6278,0.0529912525481
6279,-0.0236694551819
6280,-0.0394999290396
6281,0.0902010009865
6282,-0.0299286762935
6283,-0.0491661810327
6284,-0.0270531349041
6285,0.044227771212
6286,-0.0725445650923
6287,-0.0896115027533
6288,-0.00494852025993
6289,0.00790392454671
6290,0.0230373748349
6291,0.0218423821236
6292,0.124436128449
6293,-0.0858129414096
6294,0.0542185795163
6295,0.0312942316859
6296,-0.0627279632199
6297,0.0439955523186
6298,0.0516882982013
6299,0.0262423563916
6300,0.0267581189312
6301,-0.0157108770107
6302,-0.125773056803
6303,-0.0188349715876
6304,-0.0301202483673
6305,-0.0533798928059
6306,-0.00401187405489
6307,-0.0253294653696
6308,0.00965257974272
6309,0.0335420092087
6310,-0.046115728581
6311,-0.0342811950106
6312,-0.134479473805
6313,-0.0425983132103
6314,-0.0309612693983
6315,-0.00553170061092
6316,-0.0145489533271
6317,-0.0504098985228
6318,0.0213237730198
6319,-0.00161171111394
6320,0.0225207021059
6321,0.0580620717936
6322,-0.0373087435186
6323,-0.0734909727167
6324,0.0357008344711
6325,0.123579027447
6326,-0.0492101446808
6327,-0.00646954205251
6328,0.0760153576902
6329,-0.037214644484
6330,0.0517046462667
6331,0.0626459988812
6332,0.0349385827978
6333,0.0644756006814
6334,0.0283203830202
6335,-0.0346532158174
6336,-0.0902093427959
6337,-0.164824878797
6338,-0.0801204678389
6339,0.0129756860198
6340,0.038988110281
6341,-0.0648411424533
6342,0.0847570155079
6343,0.0232733516945
6344,0.0600812652708
6345,-0.00881039614192
6346,0.0434136304822
6347,0.0156661483283
6348,0.056092851918
6349,-0.0335308223598
6350,-0.0236798797027
6351,-0.0708107360037
6352,-0.0160580578993
6353,0.0851382533505
6354,-0.0259096367872
6355,-0.0533237839935
6356,-0.0416193341707
6357,0.00164627095036
6358,0.0499579587924
6359,0.0851448857817
6360,0.0255150658407
6361,-0.0694897209351
6362,0.0685962116343
6363,0.00525339430915
6364,-0.102913909835
6365,0.0596917901317
6366,0.0989132054031
6367,-0.0414518350471
6368,0.0368441338429
6369,-0.0759332165636
6370,0.0192840898634
6371,-0.0021715451763
6372,0.0448720455532
6373,0.00671573103617
6374,-0.0480447423625
6375,0.0828595087495
6376,0.0507714291254
6377,-0.150477675361
6378,-0.00120054932273
6379,-0.0877599313569
6380,-0.0282715006183
6381,-0.00978698890342
6382,0.0961772751803
6383,-0.0498483019824
6384,0.0247122493092
6385,-0.00405914127042
6386,-0.0315162130645
6387,0.0491761394128
6388,-0.0965479208861
6389,-0.0785999937362
6390,0.0690584790875
6391,0.106815442406
6392,-0.0256673763809
6393,-0.0039436663407
6394,0.0428721724301
6395,0.0511117082835
6396,0.0435505173037
6397,0.0281038552276
6398,-0.128795346825
6399,0.00443976309013
6400,-0.0484586380938
6401,0.0393577194435
6402,0.16973043167
6403,0.0340415626801
6404,-0.0786548301051
6405,-0.0757858826557
6406,0.0234199535114
6407,0.052676776648
6408,-0.00323073705945
6409,-0.0636829405531
6410,-0.142451200131
6411,-0.0809819845393
6412,-0.00943893916566
6413,-0.0320588890062
6414,0.0178964839184
6415,-0.0132951335757
6416,-0.0179456385674
6417,0.00145482579059
6418,0.0505788139998
6419,-0.0502075113809
6420,0.0466912921136
6421,0.00812966795472
6422,-0.012562036081
6423,0.0296611888786
6424,0.0518360991202
6425,-0.0798830361394
6426,-0.0288091354564
6427,0.0443328131194
6428,-0.0097204097536
6429,-0.02826962443
6430,-0.010437994515
6431,-0.0127484930683
6432,-0.00797146641052
6433,-0.0608944914609
6434,-0.0154723642501
6435,0.106633948417
6436,0.109791890728
6437,-0.0773341233073
6438,-0.0884109940928
6439,0.0111524100872
6440,0.0887471777952
6441,0.118388282219
6442,0.0272136052408
6443,-0.0465872654285
6444,0.0425950254126
6445,0.0399956742591
6446,-0.115306380836
6447,-0.0854007590668
6448,0.0268607436807
6449,0.0814764035731
6450,0.00925331169763
6451,-0.00972806257463
6452,-0.122592238101
6453,-0.036643432326
6454,-0.0074556280362
6455,-0.0353056123411
6456,0.0909864554977
6457,0.00334020504835
6458,-0.0487180393902
6459,-0.00488571858971
6460,-0.0586247351182
6461,-0.0701626364846
6462,0.0665872158494
6463,0.055894281754
6464,0.0531604002089
6465,0.0193946801479
6466,0.0688112963054
6467,-0.0651231200588
6468,0.00451857013733
6469,-0.0248878699969
6470,-0.00941873881321
6471,-0.014727044125
6472,0.0583621070754
6473,-0.0678056680732
6474,-0.0127629160974
6475,-0.0911074456147
6476,0.0718753295362
6477,-0.0365452559553
6478,-0.048601187226
6479,0.0759509562888
6480,-0.0570285815411
6481,-0.0340098326542
6482,-0.0409045753516
6483,-0.0261488067967
6484,-0.0189884814488
6485,-0.0158291444716
6486,-0.0421233412906
6487,0.0168206604812
6488,-0.0306535477178
6489,-0.0129386013091
6490,-0.0729358001075
6491,-0.0958308456026
6492,0.067327600925
6493,-0.143271769906
6494,-0.0180799832658
6495,-0.0741047049045
6496,0.0669177892973
6497,-0.0651190996263
6498,-0.0965012041816
6499,-0.00861244116767
6500,0.176594026316
6501,-0.023141236653
6502,-0.0628709626828
6503,-0.0584133223723
6504,0.0451349805851
6505,-0.00772598026505
6506,0.0389873984745
6507,-0.0166852831967
6508,-0.0376654939362
6509,0.00156109304933
6510,0.000780972746898
6511,-0.02065991989
6512,-0.0400515285564
6513,-0.0288964744289
6514,0.119021677257
6515,-0.0357028920488
6516,-0.0552623616375
6517,0.045543005264
6518,-0.066649826899
6519,-0.0190242907802
6520,-0.0279446286364
6521,0.0143218603963
6522,0.00168567815911
6523,-0.0445961465452
6524,0.0602981075054
6525,-0.0349050771661
6526,0.0385194353545
6527,-0.0834593234847
6528,0.0529280297074
6529,-0.0516481051187
6530,-0.0289503903903
6531,0.00377200710597
6532,-0.0312779788557
6533,0.0324473060011
6534,-0.0894345155105
6535,-0.062004634915
6536,0.121519762952
6537,-0.00525333913402
6538,0.000765243685547
6539,-0.0298244949389
6540,-0.0839660591988
6541,-0.0932120656707
6542,0.0593041973359
6543,-0.0622297556295
6544,0.0234398754471
6545,-0.0341311878582
6546,0.0150961277662
6547,0.0199980071542
6548,-0.0661323752841
6549,-0.0240439667977
6550,0.00827924114207
6551,0.00271572105219
6552,0.0344591405177
6553,-0.133059856156
6554,-0.0353086334639
6555,0.081504660575
6556,0.077552294431
6557,0.169384454751
6558,-0.0290524092364
6559,-0.0174025823282
6560,0.0355756851881
6561,-0.122429295253
6562,0.030569257993
6563,0.0255651493591
6564,0.0255211616384
6565,-0.0253884817589
6566,0.056401636529
6567,0.0189815370449
6568,0.0646740690348
6569,-0.0583392388339
6570,-0.0717568365793
6571,0.0144191376979
6572,-0.0638225483602
6573,-0.0520052139512
6574,-0.0957802083513
6575,-0.00943297226954
6576,0.0440369391312
6577,0.0253597339884
6578,0.00900750703289
6579,0.123911929499
6580,0.0621517486666
6581,0.0497750634611
6582,0.0726918752475
6583,-0.00734648808296
6584,0.0273485001676
6585,-0.009292470287
6586,0.0690539440301
6587,-0.0199843579373
6588,0.117529176034
6589,0.0949180211245
6590,0.108087027285
6591,0.00952528595081
6592,0.0386609399329
6593,-0.0412558049866
6594,-0.0721485249934
6595,0.0017618207722
6596,0.0376558781862
6597,0.0303397833164
6598,-0.0149721825731
6599,0.0088051661358
6600,-0.0191526523603
6601,0.118573284727
6602,-0.0661509858344
6603,-0.0401318676686
6604,0.11377111133
6605,-0.126613799906
6606,-0.03471333598
6607,0.0966353532568
6608,-0.051896352669
6609,-0.0422159879906
6610,-0.0305194382763
6611,-0.00641562028563
6612,0.0985365516632
6613,-0.0436646087425
6614,0.00853152903945
6615,-0.0458319435063
6616,0.0759517462963
6617,0.0102376412616
6618,-0.0329780112234
6619,-0.0880954815512
6620,0.0407544747907
6621,-0.0438888783466
6622,0.0596742399645
6623,0.0717265714147
6624,-0.0118275073655
6625,-0.0299783370877
6626,-0.00138866028173
6627,-0.0667944846798
6628,0.00505693337023
6629,-0.0856412099322
6630,0.103030287488
6631,-0.103512854465
6632,0.158611998273
6633,-0.000553270606816
6634,0.00995288759168
6635,-0.0635103366785
6636,-0.00172061699826
6637,-0.00892481564657
6638,0.0799885896024
6639,-0.000545153600263
6640,0.0314905839417
6641,0.138626450173
6642,0.000623712215085
6643,0.00286565026217
6644,-0.0309190661806
6645,0.0230485522416
6646,0.0223160872502
6647,-0.0506302615802
6648,-0.0647140393936
6649,-0.0588236719075
6650,0.0304160947087
6651,0.103706938997
6652,-0.00488449867681
6653,0.0481274730605
6654,0.026338724013
6655,0.058855051877
6656,-0.129643797641
6657,-0.0642780066516
6658,0.0305051841998
6659,0.0315142143764
6660,0.0777361411077
6661,-0.0525785882126
6662,-0.0376626090682
6663,-0.105617781702
6664,-0.00184824911885
6665,0.0622440728884
6666,-0.0686065839913
6667,0.098792835946
6668,0.0618124641091
6669,0.0230963289295
6670,-0.0209155665221
6671,-0.0261593199268
6672,-0.00552605250578
6673,-0.0914731195832
6674,-0.0332701730823
6675,0.0212587893855
6676,0.130235433997
6677,-0.0209356384496
6678,-0.134595505436
6679,-0.0201535518256
6680,0.0682305134083
6681,0.085131173799
6682,-0.0880516146938
6683,-0.0779291612056
6684,0.105396480392
6685,-0.0701828048092
6686,-0.167421296463
6687,-0.0978110686463
6688,-0.131497934348
6689,0.0638569756406
6690,-0.0342617970334
6691,0.0939091028793
6692,-0.00972008597909
6693,-0.036172685789
6694,-0.0184403105755
6695,-0.0253703275984
6696,-0.0590530987097
6697,0.00155822306279
6698,0.0795211486615
6699,-0.0335361256937
6700,0.0411504713091
6701,-0.0211863520206
6702,0.0547068478001
6703,0.049631787318
6704,-0.0204242008279
6705,0.000346958442688
6706,0.038713490642
6707,0.0110178141403
6708,0.0229536305927
6709,-0.0101803684641
6710,0.0475630625306
6711,0.0556082560588
6712,-0.0331939448395
6713,-0.0929847124493
6714,-0.0058848167895
6715,-0.124367991491
6716,0.0526379839947
6717,-0.0661969850633
6718,0.149036581809
6719,-0.0253085206119
6720,-0.0158046115734
6721,-0.0625405150343
6722,-0.0367774053725
6723,0.00885387495284
6724,0.027038404248
6725,0.111058446771
6726,0.00936906539041
6727,0.0247286277556
6728,-0.0283413201082
6729,-0.0829730600687
6730,-0.0823054921714
6731,0.0241058933611
6732,0.105672248283
6733,0.034609251268
6734,-0.0188915607741
6735,-0.123431914676
6736,-0.0398333886225
6737,0.05297252864
6738,-0.00330412914329
6739,0.112082961092
6740,0.0121893135787
6741,-0.00882592366685
6742,0.0215171187518
6743,0.0267471932116
6744,-0.0375755123698
6745,-0.0104787551381
6746,-0.063575514718
6747,0.0203230738222
6748,-0.077316326637
6749,-0.0576360070641
6750,0.00446244052936
6751,0.00120913111891
6752,-0.0582658184991
6753,0.00484736253243
6754,0.00910860298067
6755,-0.0485899424565
6756,0.022765648317
6757,0.0216409564552
6758,0.00711171053016
6759,0.11080101662
6760,-0.0999472041907
6761,-0.0341138386371
6762,-0.0253700457221
6763,-0.0376311910971
6764,0.040549131925
6765,-0.0880573008309
6766,0.00665692677293
6767,0.0364600089006
6768,0.0164341146879
6769,0.0668950786366
6770,-0.0233462595881
6771,-0.0409489716624
6772,-0.156319743107
6773,0.0204122696357
6774,-0.0628313412472
6775,-0.0318700146745
6776,-0.0313606741583
6777,-0.0611925103955
6778,0.00230886977923
6779,0.0504021522205
6780,0.0681330358904
6781,-0.0890247340935
6782,-0.0321433206722
6783,-0.0575750419863
6784,-0.0514368590301
6785,0.0733130527058
6786,-0.012492395211
6787,0.117841799791
6788,-0.0121890035508
6789,0.00695590901056
6790,-0.0697528874888
6791,0.112076848039
6792,-0.0330952105245
6793,0.00580748194196
6794,-0.0369803065266
6795,0.0247675704747
6796,-0.0343872367294
6797,-0.053144925599
6798,-0.0774143048629
6799,-0.0277135696252
6800,0.00882816086062
6801,0.0057897649544
6802,0.0561911477029
6803,-0.0518621685831
6804,-0.0977007188474
6805,0.00794809281217
6806,0.0317726416565
6807,0.0546740112622
6808,-0.0423060461442
6809,-0.00703953510803
6810,-0.0120092891444
6811,0.000912775659375
6812,-0.0263753591065
6813,-0.0678410415105
6814,-0.0571748765168
6815,-0.154386198797
6816,-0.0628743621911
6817,-0.0857316864463
6818,-0.0538439443253
6819,-0.0155257025206
6820,0.115936931262
6821,-0.00981018429829
6822,0.0593731131374
6823,-0.0675760191837
6824,0.0736861107376
6825,-0.0725360845035
6826,-0.045387070131
6827,-0.0433547052674
6828,-0.00581267373064
6829,0.00437285554411
6830,0.134666686072
6831,0.0278896562247
6832,0.00768815470901
6833,-0.0571111612495
6834,0.0224181886595
6835,0.0515153722102
6836,0.0842335648961
6837,0.0221601078964
6838,0.102417533017
6839,-0.0156877683475
6840,-0.0180725061164
6841,-0.131868437658
6842,0.0323069087442
6843,0.0486510474858
6844,0.066339956672
6845,0.0726934045363
6846,-0.00801787183576
6847,-0.0523911544406
6848,0.0284843744362
6849,-0.0301365284858
6850,-0.0359167749061
6851,0.0998359735223
6852,-0.0296056796702
6853,-0.0778037623607
6854,0.0234489056472
6855,0.0124520173694
6856,-0.0222405285203
6857,-0.0607033358624
6858,-0.0449583622934
6859,0.0134520462218
6860,0.0230599262632
6861,-0.0160225887051
6862,0.0092074113058
6863,0.0119779021622
6864,0.0497867966557
6865,-0.093905632809
6866,-0.0935357939374
6867,0.0457814117479
6868,0.00432603042434
6869,0.0293173734156
6870,0.0234610197442
6871,0.0121540824892
6872,-0.0630649846391
6873,-0.0507477186498
6874,-0.0351028877861
6875,-0.0149134361437
6876,-0.0119103628872
6877,-0.00450337880937
6878,-0.0207966982886
6879,0.00918055500201
6880,-0.17446869964
6881,0.0214175266222
6882,-0.00299969558642
6883,-0.0935286056198
6884,-0.032499308022
6885,0.0688831857845
6886,-0.0190656214472
6887,0.0506835131192
6888,-0.0540051781805
6889,0.0739773431035
6890,-0.110956456937
6891,0.0330978523759
6892,-0.026132008943
6893,-0.0696455009638
6894,-0.0379088108
6895,-0.111096912634
6896,-0.00226579052776
6897,-0.064615922308
6898,-0.0730396006913
6899,-0.112539722179
6900,-0.0448316750803
6901,-0.184523491257
6902,-0.0170177834243
6903,-0.0578923607267
6904,0.0287190650222
6905,0.0247647520314
6906,0.0325110675416
6907,0.0792207717499
6908,-0.0047932169796
6909,-0.0212906016162
6910,-0.0270274009092
6911,-0.0589751421249
6912,-0.0359398567645
6913,0.011115343438
6914,0.0194451163149
6915,-0.0728770553018
6916,0.0310273635449
6917,-0.0273004469528
6918,0.0105600445754
6919,-0.0392629764373
6920,-0.0420227751759
6921,-0.0550067873194
6922,-0.114012773289
6923,0.000266074437789
6924,-0.0872621922607
6925,-0.142262754448
6926,0.0308789615675
6927,0.00692339778737
6928,-0.0374209272334
6929,0.0146642418431
6930,-0.0527857572386
6931,-0.0795987190651
6932,-0.0287615006111
6933,0.0778107196706
6934,-0.0560849415155
6935,0.0833176642248
6936,-0.00214645669415
6937,0.0402195836168
6938,-0.099837135533
6939,0.0212333999751
6940,0.0330174442463
6941,-0.0498260988043
6942,0.100155498632
6943,-0.0814147936224
6944,-0.0295960026084
6945,0.0548607245353
6946,0.0216481498103
6947,0.0485778410463
6948,-0.0176418203926
6949,0.0132946346982
6950,-0.091921504734
6951,-0.0379751533012
6952,-0.0098926505379
6953,-0.0860385968668
6954,-0.0195489755352
6955,-0.0786152644885
6956,-0.0357788511262
6957,-0.0549653230198
6958,-0.0255683120487
6959,-0.0989566731389
6960,0.0162748253577
6961,-0.0498092557133
6962,0.0321763480723
6963,-0.000385909177218
6964,-0.0181437424998
6965,-0.094741425914
6966,0.00334266825212
6967,0.0689450350854
6968,0.0198970492591
6969,-0.0236275950759
6970,0.062050108001
6971,-0.0760490091234
6972,-0.0936007355533
6973,0.134659118833
6974,0.0172513003198
6975,0.013675574956
6976,0.0554330209261
6977,-0.0594864086878
6978,-0.061844052168
6979,0.116376432721
6980,0.0100418583189
6981,0.0182521136729
6982,0.0813585729087
6983,0.0654919522748
6984,0.0401087924774
6985,-0.086122500437
6986,0.0404141272432
6987,0.00737901493613
6988,0.056022504205
6989,0.084121999917
6990,0.0585311332139
6991,0.0500930046661
6992,-0.016827026082
6993,-0.0272816639255
6994,0.059146628223
6995,-0.0640482032037
6996,0.0210562385127
6997,0.101013157332
6998,-0.00531869139905
6999,0.0439978011558
7000,-0.0237431785488
7001,0.0481381961138
7002,0.0265014641265
7003,0.0260411282431
7004,0.000622688357075
7005,-0.0535310197561
7006,0.00292105104348
7007,0.0204312559534
7008,-0.0235952912692
7009,0.0251205137216
7010,-0.005218261001
7011,-0.040509950764
7012,-0.0626818182074
7013,-0.0085518720965
7014,0.028824655904
7015,0.104322915762
7016,-0.0398004046507
7017,0.0115120864684
7018,0.0720605382588
7019,-0.00278834044317
7020,-0.0334795914538
7021,0.0112605667352
7022,-0.108844756813
7023,-0.0695316181619
7024,-0.0543960742551
7025,0.0013674215209
7026,0.0378604350223
7027,0.112144803443
7028,0.0330951955812
7029,0.118983871617
7030,0.00221873040511
7031,-0.0765069019733
7032,0.0798699752876
7033,-0.00502272998252
7034,-0.045554969368
7035,0.0811393127753
7036,-0.0670436210702
7037,0.0329708144959
7038,-0.0611150800647
7039,-0.0284746021092
7040,0.0799921003905
7041,-0.0819754794309
7042,-0.067184838291
7043,0.0462503954264
7044,-0.0226683096418
7045,-0.0616246670535
7046,0.0263903826643
7047,0.0427443274607
7048,0.0224468528854
7049,0.00424942914046
7050,0.023641229307
7051,-0.0752506844937
7052,-0.0169396805332
7053,0.0039074764594
7054,0.0340462726308
7055,-0.0738699884076
7056,-0.00628628305612
7057,-0.0545322352865
7058,0.0153344585855
7059,-0.0889423780328
7060,-0.055193663189
7061,-0.0140639683832
7062,-0.102489115289
7063,0.0103486805086
7064,0.0130839846967
7065,0.0606574632419
7066,-0.0427116077958
7067,-0.00868805215796
7068,0.0148184061999
7069,0.0241869800891
7070,-0.0547616740009
7071,-0.0693050740364
7072,-0.0629234305596
7073,0.100180325664
7074,-0.0126700242359
7075,0.0918226638178
7076,-0.00674780528985
7077,0.0252494259972
7078,0.0185256372338
7079,0.0229121609504
7080,-0.052801121375
7081,0.0968701247612
7082,-0.0754541182992
7083,0.0855196250071
7084,0.04033115052
7085,-0.0941921172763
7086,-0.00391936081932
7087,-0.00122785397446
7088,-0.125814589113
7089,-0.00801710369943
7090,-0.0373226377664
7091,0.0952686009953
7092,0.0782397584307
7093,-0.0530138523085
7094,0.0198543512559
7095,0.00684212350896
7096,-0.0541246582355
7097,0.00106882000103
7098,-0.0448297537852
7099,-0.0134390808339
7100,-0.0128341144118
7101,0.0116714905627
7102,0.00899198358886
7103,-0.0534064990474
7104,-0.0223895988007
7105,0.00682744537566
7106,0.0146562007534
7107,0.016302331367
7108,-0.0887303859263
7109,-0.0228890993194
7110,-0.00748545625937
7111,-0.0690189390493
7112,0.0736848875782
7113,-0.0172389021982
7114,-0.0832368832728
7115,0.072304027005
7116,0.00978369245361
7117,0.022975834873
7118,0.0205433302618
7119,-0.0550239299912
7120,0.113817726814
7121,0.0317624089925
7122,-0.0443921690908
7123,0.156745378479
7124,0.0363068060204
7125,-0.0584417578802
7126,-0.0670376340819
7127,-0.0436131566563
7128,-0.00612793159755
7129,0.0270579858968
7130,0.00540850949373
7131,-0.0601928228721
7132,0.0939606858705
7133,-0.0059119057306
7134,-0.00585478349681
7135,-0.0121800331911
7136,0.0355776256194
7137,0.046571390145
7138,-0.0277356880782
7139,-0.0556320948031
7140,0.00476553063738
7141,-0.123597435959
7142,0.0555058454208
7143,-0.0653931484729
7144,-0.0221684996346
7145,-0.0321818152045
7146,0.0264164228338
7147,0.0738754356869
7148,0.070242514393
7149,0.0465304473599
7150,0.0147536549176
7151,0.0104661292636
7152,-0.0429709591662
7153,0.0664317233282
7154,0.0386146596914
7155,0.0733420627911
7156,-0.0311729842363
7157,-0.135787507095
7158,-0.0328106300763
7159,0.0706264573253
7160,0.0738392046401
7161,0.0542000721624
7162,0.0499872396749
7163,0.083895885518
7164,0.00127111407266
7165,-0.00276718880859
7166,-0.0429572809709
7167,-0.080356889327
7168,-0.071372060456
7169,0.0349599485117
7170,0.0129511549421
7171,-0.00300091581129
7172,0.0160279695429
7173,-0.0454777292019
7174,-0.0985998170181
7175,0.0167249817454
7176,0.0156380428468
7177,0.0225947707033
7178,-0.052067594226
7179,0.0201542270344
7180,-0.00731382674147
7181,-0.0279837640006
7182,0.0505287417399
7183,-0.0789205842854
7184,0.00145896558024
7185,-0.0683496723749
7186,-0.124398551793
7187,0.0273415835465
7188,0.033768562015
7189,-0.00361013777317
7190,-0.0233654785699
7191,-0.056970100345
7192,0.0821085532989
7193,-0.0135315535369
7194,0.0205687942932
7195,-0.0159997019003
7196,-0.0101590254994
7197,-0.0241677211092
7198,0.0258355056828
7199,-0.179271147579
7200,0.0683999388333
7201,0.0233235895691
7202,0.0397583273824
7203,-0.0224776534215
7204,0.0568811471216
7205,-0.0668687368897
7206,-0.00580473969052
7207,-0.0490846420885
7208,0.107226604491
7209,0.00293058703841
7210,0.0740167055601
7211,-0.0319430674648
7212,-0.0012515309212
7213,-0.0908401860053
7214,0.0621441029304
7215,-0.0633371442493
7216,-0.0677942250121
7217,-0.0294238928078
7218,-0.0196786116219
7219,0.0150254783038
7220,-0.0530748991809
7221,0.095699954298
7222,-0.100467092257
7223,-0.00806738080074
7224,-0.0434704011634
7225,-0.0238134573922
7226,-0.0470042697094
7227,-0.0649612608622
7228,0.0345732888843
7229,-0.0144726294735
7230,0.0862299193551
7231,0.00932219376164
7232,-0.0792388328677
7233,0.0666656291172
7234,0.0538213441446
7235,-0.0135898059379
7236,0.0224269426651
7237,0.00148257745788
7238,-0.00119491664563
7239,-0.054970978633
7240,0.0244595295409
7241,0.00356971592508
7242,-0.00651614754269
7243,0.00402826826404
7244,0.0843506647435
7245,-0.0911495698952
7246,0.0528285737257
7247,0.0297128523925
7248,0.0155871175742
7249,-0.0144343541226
7250,0.0341066634453
7251,0.0401648347672
7252,0.0135828878479
7253,-0.141265613522
7254,-0.0525574304185
7255,-0.0406485972558
7256,-0.120675049192
7257,0.0475928923333
7258,-0.0821425421415
7259,-0.0219941214231
7260,-0.0590521020997
7261,0.0565629931555
7262,-0.0784907051457
7263,0.048617227057
7264,-0.0971998068518
7265,0.0557385772329
7266,0.0188726416199
7267,0.0216086339153
7268,-0.0080964501765
7269,0.0475156414799
7270,-0.0698164350395
7271,-0.0130365967125
7272,0.00369588315311
7273,0.0850657736034
7274,-0.0522771676596
7275,0.0421190455286
7276,-0.0574099443578
7277,0.0449849749959
7278,-0.060994694992
7279,0.0155277101485
7280,0.0695884144394
7281,0.00343701784221
7282,0.023531385236
7283,-0.0734067204261
7284,-0.0731489299364
7285,0.0506208639712
7286,-0.0462943673006
7287,0.0189651432674
7288,0.0895074798737
7289,-0.0226594594171
7290,0.0360775259421
7291,-0.00112071739245
7292,-0.0540331878733
7293,0.0183125307483
7294,0.0136982029249
7295,0.0828197893873
7296,-0.0719336390367
7297,-0.0335374055546
7298,-0.0163253562638
7299,0.0188277479386
7300,0.0458313446268
7301,-0.00705502227996
7302,-0.090998412644
7303,-0.0173652105526
7304,-0.0847903174126
7305,0.0672273881892
7306,-0.00105863784805
7307,-0.0914566908167
7308,-0.105968484743
7309,-0.00382526827244
7310,0.0825063737975
7311,-0.0420811858089
7312,0.0341564946224
7313,-0.0270589698125
7314,0.0855124915007
7315,0.0217651305495
7316,-0.0690473887607
7317,0.00196924795239
7318,-0.0176162326096
7319,0.102426328947
7320,0.0567613136637
7321,-0.0190065921563
7322,0.119082844518
7323,0.0898068935804
7324,0.0586178567383
7325,0.0344461555975
7326,-0.00877734675019
7327,0.0556517013299
7328,0.105463652549
7329,-0.118378816092
7330,0.096107807825
7331,0.0326336641769
7332,0.0222630395456
7333,-0.040413867827
7334,0.0396281640733
7335,-0.00611766774916
7336,0.0388294012175
7337,0.0191796821165
7338,-0.044090440156
7339,0.017937477481
7340,0.0842004590382
7341,0.0600417607926
7342,-0.0950099955747
7343,-0.0788817469968
7344,0.0137068086066
7345,-0.0817302586809
7346,0.114527504642
7347,-0.0623996135556
7348,-0.0176303897287
7349,-0.0258864255237
7350,0.0134829416363
7351,-0.00189202526925
7352,0.109204057166
7353,0.017346799384
7354,0.0638500938391
7355,0.0564748186253
7356,0.0209356197692
7357,-0.0918029670043
7358,-0.055961225707
7359,0.0846066994346
7360,0.0365213401665
7361,-0.0191092116318
7362,0.0201819532015
7363,0.0319397781236
7364,0.00193547728221
7365,0.0553917453932
7366,0.0783184432938
7367,-0.0217646427062
7368,0.0604275890105
7369,0.107405100515
7370,-0.120900833152
7371,-0.0442853618457
7372,-0.0519551152321
7373,0.076036457524
7374,0.0115191513175
7375,-0.0853145718594
7376,0.0725759257269
7377,0.0222393570139
7378,0.00538500654071
7379,0.032825910158
7380,-0.0228570376256
7381,0.135763565553
7382,0.0164040342784
7383,-0.0286870716284
7384,0.108054924729
7385,0.00101321730344
7386,0.0196280095712
7387,0.0550998907462
7388,-0.000414147208078
7389,-0.117651870643
7390,-0.160867698163
7391,-0.0288784213283
7392,0.0757361721317
7393,0.0363912344048
7394,-0.0706870104803
7395,0.00977516651251
7396,0.0163686394482
7397,-0.103121981253
7398,0.0287632868813
7399,-0.0227997730122
7400,0.0359960528601
7401,-0.0222234299408
7402,0.0209911000899
7403,0.0238111033889
7404,0.0939978482886
7405,-0.0164028901433
7406,0.0848425001293
7407,-0.126687388677
7408,0.0487673611297
7409,0.0420534144287
7410,-0.0310522742493
7411,0.0350340960662
7412,-0.117593023899
7413,0.0716884404915
7414,-0.034681414922
7415,-0.137807244233
7416,0.0837933741775
7417,-0.0479435464573
7418,-0.165271504636
7419,0.0970809784617
7420,0.0459471354567
7421,0.0413458411179
7422,-0.0317032500222
7423,-0.0128248754806
7424,-0.000924767429073
7425,0.0500506862588
7426,0.0122460803135
7427,0.0356329136885
7428,0.0456069178334
7429,0.0717769695049
7430,-0.0223255522737
7431,-0.135954898475
7432,-0.00285562087444
7433,0.0844778341153
7434,0.0480465784076
7435,0.0247549549811
7436,-0.0175700289656
7437,0.0745012369598
7438,0.00713725672144
7439,-0.0189814948067
7440,0.00758024317622
7441,-0.0879457000199
7442,-0.0286456181761
7443,-0.0333479388512
7444,0.056119303431
7445,0.0479321646092
7446,-0.0400380305379
7447,0.117001013928
7448,-0.077839817797
7449,0.00850792981476
7450,-0.0194000005251
7451,0.0251535136638
7452,-0.0251157294387
7453,0.0513635209643
7454,0.041313358178
7455,0.0655820474666
7456,0.0231025843541
7457,0.0776568324785
7458,-0.0457921311565
7459,-0.0196495149366
7460,-0.0316453287375
7461,-0.0673723376747
7462,0.00634220063851
7463,0.0192044601153
7464,-0.0391183220242
7465,-0.0720045102009
7466,0.0750826618806
7467,0.00281657849074
7468,-0.070675462708
7469,0.000181495571442
7470,-0.00382017505569
7471,0.134900959185
7472,0.00409504001371
7473,0.0190650243873
7474,0.024529414758
7475,0.0892115495256
7476,-0.0160659908291
7477,-0.0251072567266
7478,-0.0897297887299
7479,-0.0251485922503
7480,-0.0424198234175
7481,-0.107284429381
7482,0.11145001115
7483,0.0440760049909
7484,0.0614167284064
7485,-0.00065507353171
7486,-0.072514753552
7487,0.0048200545558
7488,-0.0913168610661
7489,-0.0519794613988
7490,-0.0129979952676
7491,0.0241154489929
7492,-0.102834084613
7493,-0.0450954383256
7494,0.0941624574533
7495,-0.0681914005338
7496,0.016573055123
7497,0.0436774731925
7498,0.0308286829357
7499,-0.0379714875879
7500,0.0576296516493
7501,-0.108155176895
7502,-0.0441524520056
7503,0.121866243295
7504,0.0399493008971
7505,-0.0377832646161
7506,0.0275432061159
7507,0.0261651373516
7508,-0.00343053241331
7509,0.0447620675797
7510,-0.0232192594688
7511,-0.00269727038299
7512,0.0643983258304
7513,0.0489515448316
7514,0.0434907036326
7515,0.0480801846759
7516,-0.0552392602004
7517,-0.00811127741754
7518,-0.119871634565
7519,-0.0755154074375
7520,-0.0176092480412
7521,-0.00172446993103
7522,-0.0195259787609
7523,0.0240631737202
7524,0.0084116525552
7525,-0.0635677732633
7526,0.0751298819829
7527,0.0169346908469
7528,-0.0690459206296
7529,-0.0851976388537
7530,0.0405766276497
7531,-0.0170859597452
7532,-0.0504319156785
7533,-0.00841656313646
7534,0.0653820598559
7535,-0.0182017282533
7536,0.061053466649
7537,0.0705792770715
7538,-0.1049929001
7539,0.0383116542879
7540,0.101821684114
7541,-0.0600231670481
7542,0.0428614015839
7543,-0.0046193564828
7544,0.0375899387539
7545,0.056296006071
7546,-0.0228089109889
7547,0.0100983443972
7548,-0.0335581020603
7549,-0.0921169033064
7550,0.10622455464
7551,0.00279150750971
7552,-0.0186226540667
7553,-0.0382749824368
7554,0.0441661088481
7555,-0.0650819970376
7556,0.00662290088382
7557,0.0100686752617
7558,0.00643945800537
7559,0.0196205033862
7560,-0.101555981433
7561,0.0737775432377
7562,-0.0647522701898
7563,-0.0577087838651
7564,-0.0619964538257
7565,-0.0362329258224
7566,-0.0534487354847
7567,0.067383290713
7568,0.0187420689739
7569,-0.009413437936
7570,0.0428215908208
7571,0.0491413249313
7572,-0.0277845406874
7573,0.063520744441
7574,0.0482843180511
7575,-0.00180221732164
7576,-0.075330204844
7577,0.0333822471826
7578,0.00464981972955
7579,-0.0225967094526
7580,-0.0517268993411
7581,0.0192157291294
7582,-0.0282685322707
7583,-0.0566210904377
7584,-0.056299327892
7585,-0.000259894201608
7586,-0.00534101561528
7587,-0.0228654190926
7588,-0.0702812333382
7589,0.0325244674471
7590,0.114369479726
7591,-0.042058819903
7592,-0.00405647908423
7593,0.0457819350745
7594,-0.000351709832591
7595,-0.0247477585862
7596,0.043431666982
7597,-0.0677991273968
7598,-0.100864945698
7599,0.0940699525404
7600,0.0694729866432
7601,-0.0564292354253
7602,0.00416030247599
7603,-0.0384736895847
7604,0.082383891371
7605,0.00826740966158
7606,-0.0291205722037
7607,-0.119718904436
7608,0.0870406466253
7609,0.0920732764162
7610,0.0663833006078
7611,0.0352811027184
7612,0.00937972461442
7613,-0.108878315398
7614,-0.0997760179168
7615,-0.120685447423
7616,-0.0132378707989
7617,-0.0557166121151
7618,-0.0473653827451
7619,0.00721647186377
7620,0.173786979647
7621,-0.0453900480078
7622,-0.0331270701787
7623,-0.0756303260529
7624,-0.0878158959588
7625,-0.0135121100719
7626,0.0187821781455
7627,-0.0720238458116
7628,0.0697393096381
7629,-0.0672960613116
7630,0.0267935912423
7631,-0.0552556365006
7632,0.00785902790075
7633,0.108397282037
7634,0.031747133115
7635,-0.0171589759564
7636,0.0454783202837
7637,-0.0249067118179
7638,0.0231120733256
7639,-0.0515292223468
7640,0.0146098589529
7641,-0.0480399567827
7642,-0.0428528309449
7643,0.0129141962387
7644,0.0170174818408
7645,0.0183495437389
7646,0.00845760318468
7647,-0.110034760098
7648,0.0223419595928
7649,0.087127683211
7650,0.0444528482828
7651,0.0802833534586
7652,0.106835947847
7653,0.0143822206712
7654,-0.00118748570034
7655,-0.0200292620761
7656,0.0111983659515
7657,0.0656966643866
7658,-0.0602711585484
7659,-0.0117750800671
7660,0.00860319950492
7661,0.0313446249932
7662,-0.0880747613889
7663,0.00672325525188
7664,0.125389610705
7665,0.0194960981143
7666,-0.0902182417897
7667,-0.0253776614339
7668,0.0554813793162
7669,0.0783578984106
7670,0.0669679395515
7671,0.0363569911501
7672,0.0227101377748
7673,0.0629456790074
7674,-0.0665902559462
7675,-0.0304742649339
7676,0.039193954244
7677,0.0624350944752
7678,-0.0251627408618
7679,-0.109839335429
7680,-0.0415699837855
7681,0.0858545816226
7682,0.0677089639072
7683,0.0153427940628
7684,-0.0103560954874
7685,0.0533315316623
7686,-0.0659886167048
7687,-0.139688531384
7688,0.0242279391338
7689,-0.0850417406643
7690,0.0603201699321
7691,0.06848459203
7692,-0.00578906407341
7693,0.035402029975
7694,-0.0541306476201
7695,-0.105597429451
7696,0.0549509453691
7697,0.0721626191688
7698,-0.0348923829729
7699,-0.0156362107404
7700,0.0386553311899
7701,-0.0558460965187
7702,-0.0759617227384
7703,0.0166274140076
7704,-0.0157579570192
7705,-0.0566204162901
7706,0.015083595208
7707,0.0431712072435
7708,-0.0736735859328
7709,-0.0494002185807
7710,-0.109225906901
7711,0.0532914676332
7712,-0.102392485126
7713,0.0572669988024
7714,0.0399531912932
7715,-0.0785069216656
7716,-0.0455433811946
7717,-0.0246237439949
7718,0.00635368236714
7719,0.0310413516555
7720,0.0146680016338
7721,0.0631091036142
7722,0.0434104133201
7723,0.10699813676
7724,0.0545082947428
7725,-0.0472672415412
7726,-0.107655821808
7727,-0.00741279556141
7728,0.0589934005273
7729,0.0307799876452
7730,0.0050757771749
7731,-0.0299040980863
7732,-0.0678372380828
7733,-0.0897665736521
7734,-0.00295058759268
7735,-0.105182596778
7736,-0.0707895414772
7737,0.111750754166
7738,0.000320187494555
7739,-0.0349979974088
7740,0.00126605666199
7741,0.073843530753
7742,0.0926884604298
7743,0.0661222851921
7744,-0.100102945176
7745,-0.00810678750627
7746,-0.0332247173899
7747,0.0863885971865
7748,-0.0843808735371
7749,-0.188291721035
7750,-0.0222554328132
7751,-0.0305525038279
7752,-0.0183485817367
7753,0.0644111606105
7754,0.186922902353
7755,0.0592300810424
7756,-0.0199900112052
7757,-0.0122725525951
7758,0.0347045202808
7759,0.0364190879089
7760,-0.0015436155966
7761,-0.125662159132
7762,-0.0632936093878
7763,0.0932057784912
7764,0.0773039365665
7765,-0.0720826612056
7766,0.0111403407864
7767,0.00576737965579
7768,0.163273032591
7769,-0.11247441648
7770,-0.00687735012491
7771,-0.00672970701062
7772,-0.0202950336199
7773,-0.0161193953514
7774,-0.0468118842281
7775,-0.121322050078
7776,0.109043132827
7777,-0.0533177547737
7778,0.0141455580137
7779,-0.0402293128064
7780,-0.0716734168206
7781,0.0448811283788
7782,-0.0549683919298
7783,-0.0190530249786
7784,0.0308001001236
7785,-0.00410980726014
7786,0.0711411145279
7787,-0.0595241262505
7788,0.0285961548812
7789,0.175907773388
7790,-0.0123468329083
7791,-0.155968875878
7792,0.0975584377502
7793,-0.0100650832425
7794,-0.0723107116546
7795,-0.00965619990728
7796,-0.0570675174508
7797,0.00491118961071
7798,-0.00632762474563
7799,-0.019214198064
7800,-0.0145180329782
7801,-0.0243782692477
7802,-0.0113408948213
7803,-0.101157525581
7804,0.0704587932183
7805,0.0400608465193
7806,0.0393462520159
7807,0.0456366379311
7808,0.0243528609115
7809,-0.0343861836994
7810,0.048175457119
7811,0.126126479414
7812,-0.050805531302
7813,-0.0475105941073
7814,0.0346017802624
7815,0.0484407890129
7816,-0.126740268233
7817,0.00800842961992
7818,-0.00526234748595
7819,-0.0282699223768
7820,0.0682593229383
7821,0.0229828350934
7822,-0.0696871165512
7823,-0.105112853453
7824,-0.0634605468783
7825,0.0467713164387
7826,-0.00788364964969
7827,-0.0459441472886
7828,0.00480990387717
7829,-0.0335357612621
7830,-0.0727004285437
7831,-0.0506185925381
7832,-0.0179176366222
7833,-0.047934013609
7834,-0.05696656134
7835,-0.00499912338177
7836,-0.0218789399989
7837,0.0800347121
7838,0.0245927134526
7839,0.0985650287933
7840,0.100816758675
7841,-0.0295770728991
7842,0.0551594294282
7843,0.00672733993504
7844,0.00604506180086
7845,0.0465435384697
7846,-0.10210845042
7847,0.0499382921077
7848,-0.0135761921489
7849,0.0389265781251
7850,-0.0121546816671
7851,-0.00387936886979
7852,-0.067449562377
7853,-0.059060090016
7854,0.13170149005
7855,-0.0185459584398
7856,0.0512417708087
7857,-0.0551088359872
7858,-0.0583413019465
7859,0.0222609022708
7860,0.0536415832812
7861,0.0299069986721
7862,0.0500460185295
7863,-0.0195646318706
7864,0.0117436052487
7865,-0.0912295242247
7866,-0.0814624446178
7867,-0.00149668879838
7868,-0.0525427942698
7869,-0.0740013717298
7870,-0.0857453923765
7871,-0.0445519884761
7872,-0.113038161598
7873,0.0535598922833
7874,0.0591550446472
7875,-0.114127074735
7876,-0.0178310274454
7877,-0.008817457789
7878,0.0471483707779
7879,-0.106104835241
7880,-0.0717938749543
7881,0.0752573025693
7882,-0.0107622660291
7883,-0.0108142760712
7884,-0.00264390378989
7885,-0.0815862264243
7886,0.0346067530195
7887,-0.0648317995039
7888,-0.0267227799779
7889,-0.00976157218266
7890,0.0363324923487
7891,-0.118684178054
7892,-0.0542536350991
7893,0.0294280173173
7894,-0.0527748855951
7895,-0.0200740731788
7896,-0.00362627084691
7897,-0.000526537001
7898,0.0612688773042
7899,-0.0531204197965
7900,-0.0986604331226
7901,0.0151036181166
7902,0.0249457929597
7903,-0.0724497335876
7904,0.0629641407754
7905,0.0624729055878
7906,0.0181017088877
7907,0.0628866490446
7908,0.0321035890722
7909,-0.0442834521512
7910,0.00343515139876
7911,0.0592710418193
7912,-0.0649591953238
7913,0.0843963238537
7914,0.06037508415
7915,-0.0558269178455
7916,0.0405400722437
7917,-0.0571617040751
7918,-0.0426408987718
7919,-0.104126512852
7920,0.0619484012627
7921,0.0596894867251
7922,0.118863428972
7923,0.12324141895
7924,0.00531742329011
7925,-0.00261112181165
7926,0.00161706983185
7927,-0.0218584698154
7928,-0.0956346035357
7929,-0.0287963937563
7930,0.0222860282756
7931,0.0373234402538
7932,0.0869362279125
7933,-0.0413183272853
7934,-0.0329150254127
7935,0.0486946367854
7936,0.048179475302
7937,-0.0210956723048
7938,-0.0695860627705
7939,0.0902931515883
7940,0.0948830578698
7941,0.0190715711182
7942,-0.0580077165803
7943,-0.22181713542
7944,0.0454516568404
7945,0.010497901272
7946,0.0304246337021
7947,-0.0434451353383
7948,0.0191853013557
7949,0.0876386160162
7950,0.0790042695455
7951,-0.00124651166939
7952,0.100243015372
7953,-0.062628650001
7954,0.0604753031984
7955,-0.0343215756769
7956,-0.0052943877589
7957,0.0507208137633
7958,-0.101865623963
7959,-0.00547775249584
7960,0.0703305517963
7961,-0.0477769445675
7962,0.0311983483542
7963,0.0332215261553
7964,0.0168189333442
7965,0.0998811561066
7966,0.00174336165022
7967,0.0443319042509
7968,0.0342467192066
7969,0.0350586357762
7970,0.0460319715788
7971,-0.125857484952
7972,-0.00903763898615
7973,0.0686863710239
7974,0.0368178636856
7975,-0.0196525932889
7976,0.0680899772426
7977,0.0310799203362
7978,0.0186126922147
7979,-0.0936196478965
7980,-0.0816585742181
7981,-0.0329952545631
7982,0.025392961023
7983,0.00640011460565
7984,-0.106686204765
7985,0.0101168627906
7986,-0.0777040157038
7987,0.149238189966
7988,-0.0454515387268
7989,0.00263846654472
7990,-0.0418412552739
7991,-0.0109464380233
7992,0.158680948601
7993,-0.0594899654679
7994,0.088754880918
7995,-0.0112347722657
7996,0.0176337978361
7997,-0.0424808613388
7998,-0.033771416237
7999,-0.0544726457973
8000,-0.00453866625324
8001,-0.0243875868529
8002,0.0221069666965
8003,0.0732873304742
8004,0.115923157964
8005,-0.0327167907826
8006,0.0410828371714
8007,-0.00224561689521
8008,0.0721802361744
8009,-0.0965440117927
8010,-0.0265633217077
8011,-0.0775057811924
8012,-0.0170302767788
8013,0.00800962765172
8014,0.0268514738281
8015,-0.109540407946
8016,0.0165119527522
8017,0.11401289001
8018,0.0466667384861
8019,-0.0276290650578
8020,0.0192268186289
8021,0.0711670253497
8022,-0.0173302800573
8023,-0.00836198535563
8024,-0.0775456543941
8025,-0.0117578937692
8026,-0.0715862664821
8027,0.145955887401
8028,-0.0243956099848
8029,0.0160746288376
8030,0.00777115277352
8031,0.0812160789733
8032,0.0471117332263
8033,-0.00728408247432
8034,-0.0169878727334
8035,-0.0218711680629
8036,-0.0438875625707
8037,-0.067111533343
8038,-0.0155023129874
8039,-0.0270705638897
8040,0.0410225112368
8041,0.00375388566718
8042,-0.0853987763903
8043,0.0809438026976
8044,0.000184824216614
8045,0.0131471734486
8046,-0.0528731320343
8047,0.0685016579088
8048,-0.039532951324
8049,0.0836953420134
8050,-0.0457259583574
8051,-0.0463886755003
8052,-0.0664806172251
8053,0.0673672038835
8054,0.0443121754058
8055,0.152454306058
8056,-0.114073301187
8057,0.0064800678765
8058,-0.0830796802167
8059,-0.054606778969
8060,-0.0385546354891
8061,-0.0261575305812
8062,-0.0222719344822
8063,-0.0672843382445
8064,-0.0312050699188
8065,0.0803553277127
8066,0.0397808452765
8067,0.0643391477824
8068,-0.0619760935957
8069,-0.0268224590572
8070,0.0497053619832
8071,0.0118650431566
8072,0.0563617753428
8073,-0.0809236703268
8074,0.0548033875125
8075,-0.0105445053071
8076,0.0226172959757
8077,0.0590364422567
8078,-0.00515302915703
8079,-0.0317216291388
8080,0.0328444523707
8081,-0.0222734417688
8082,-0.0631459866987
8083,-0.00383362048107
8084,-0.105568970415
8085,0.0355506410085
8086,-0.0640863278099
8087,0.102481247314
8088,0.0201270624435
8089,0.00692297287203
8090,-0.0620208537741
8091,-0.0967682360244
8092,0.0886663117405
8093,-0.0241236662053
8094,-0.0317492116423
8095,0.0380803100508
8096,0.0618474991278
8097,-0.0131382932539
8098,-0.00105245492966
8099,-0.0257509793863
8100,-0.0492214615706
8101,-0.103289885988
8102,0.00904559866787
8103,-0.0345538203346
8104,0.0171898374506
8105,0.167452953252
8106,0.0385299477018
8107,-0.0265876420748
8108,-0.0270484903751
8109,-0.0484511117137
8110,-0.0464547645707
8111,0.129213845773
8112,-0.0289098765036
8113,-0.0136647874722
8114,-0.0396348664734
8115,-0.0494674198291
8116,0.139871111637
8117,0.00968327435285
8118,-0.0355207286878
8119,0.0994769734874
8120,0.0241617339471
8121,-0.0600946976346
8122,-0.0523310566524
8123,-0.0593040498034
8124,-0.053996037164
8125,-0.0999574873381
8126,0.0128638950838
8127,-0.0288083615549
8128,-0.0480171452719
8129,-0.107807750186
8130,0.00654104884032
8131,-0.0225130976837
8132,-0.0927749755303
8133,0.0289907502109
8134,0.0998055279421
8135,0.0792297616048
8136,-0.0101745246419
8137,0.0878200477392
8138,-0.0178491933808
8139,-0.00964351886082
8140,0.0409916171098
8141,0.0767301584376
8142,-0.0332297810314
8143,-0.00149538836709
8144,-0.0447228675346
8145,-0.0530356705527
8146,0.0463441572098
8147,-0.0341615654313
8148,-0.0616218440856
8149,-0.0842059899889
8150,0.0734404643931
8151,0.0382644653151
8152,-0.0860375348754
8153,-0.0491454107687
8154,0.0313902907061
8155,-0.101070062531
8156,-0.0408208192305
8157,-0.0357106854808
8158,0.066248110439
8159,0.00908384349812
8160,-0.0886006614634
8161,0.0923758432503
8162,0.044243250031
8163,-0.0816054105808
8164,-0.173619565279
8165,0.00434441968027
8166,-0.0581767546523
8167,-0.0964956036299
8168,0.0186910758386
8169,-0.0152892653095
8170,0.000991095184707
8171,-0.0114159434267
8172,0.0294221345364
8173,0.00192828980232
8174,-0.0120448271695
8175,-0.00954740538055
8176,-0.0177469573571
8177,0.088256949631
8178,0.0251580250083
8179,-0.0082567632111
8180,-0.0436240887473
8181,-0.00151828632628
8182,-0.0902394036201
8183,-0.0450252074346
8184,0.0680169799701
8185,-0.0702532420965
8186,0.1191012025
8187,-0.0084864461424
8188,-0.0312187569841
8189,-0.00695279328516
8190,-0.0495766708147
8191,0.0698676459787
8192,0.0579634866764
8193,0.0812120275235
8194,-0.0129710070844
8195,0.0461344239462
8196,0.0862927323342
8197,-0.00949894993505
8198,0.0919885517936
8199,-0.0758320676019
8200,0.0565640185297
8201,-0.0614737374731
8202,0.0250296950295
8203,0.0127331783282
8204,-0.00498045275003
8205,0.0191732962487
8206,0.0446469707875
8207,-0.0741480300026
8208,0.0398666154011
8209,-0.112992449677
8210,0.067889223624
8211,0.0952412915952
8212,0.0340223364269
8213,0.0553971672217
8214,0.126812974436
8215,-0.0160916746625
8216,0.0259680042871
8217,0.00803019295542
8218,-0.0138572831645
8219,-0.0649756179332
8220,0.0513231253858
8221,0.0748180967493
8222,-0.081144372237
8223,-0.0215202752734
8224,-0.038371434279
8225,-0.00848244782829
8226,0.021514240458
8227,0.0120894552257
8228,0.0660155769313
8229,0.0929903858455
8230,-0.0707900908187
8231,0.0896476666894
8232,-0.104668693681
8233,0.0571375916395
8234,-0.0475585868718
8235,0.0315582500209
8236,0.132114384981
8237,0.00244596350091
8238,0.0219256895878
8239,-0.0603024949513
8240,0.12090088946
8241,-0.0453432947814
8242,-0.0759313589522
8243,-0.037540195099
8244,-0.02014362627
8245,0.0288543283748
8246,0.025310838704
8247,0.157112792488
8248,-0.00319006683029
8249,0.0325901956392
8250,-0.109961766046
8251,-0.00981275589535
8252,0.0423016773551
8253,0.0447681782837
8254,0.142995816159
8255,-0.0488989780899
8256,-0.0472647957297
8257,0.131985225879
8258,-0.00171638262792
8259,-0.0465268151343
8260,0.0354604736416
8261,-0.0381027049771
8262,-0.00115696132085
8263,0.00103492142515
8264,0.00804457931988
8265,-0.00540577367232
8266,-0.0739342679548
8267,-0.0709436201496
8268,0.106101791762
8269,0.0771988917
8270,0.0159922938707
8271,0.015708358209
8272,0.0100520859775
8273,-0.0197921834006
8274,0.0508072596923
8275,-0.12587904752
8276,-0.0187272793253
8277,-0.00348618865747
8278,0.0303613871226
8279,-0.0259189427382
8280,-0.0763394021126
8281,0.0113476808954
8282,0.0154704656973
8283,0.00315672601223
8284,0.0885099111
8285,0.0131381922047
8286,-0.127508187047
8287,-0.0765853570332
8288,0.0742844460136
8289,-0.044957691264
8290,0.0382805741694
8291,-0.0737717118933
8292,0.004879544717
8293,0.0582902156747
8294,0.0428990440458
8295,0.0429093533277
8296,0.0679640977468
8297,-0.0363660314136
8298,-0.058595262718
8299,0.0108216288299
8300,0.112339101141
8301,-0.141009094282
8302,0.135830119407
8303,-0.0392519516292
8304,-0.0306536679035
8305,-0.0506946560145
8306,0.00416416050355
8307,-0.0276240347605
8308,-0.0825240486
8309,0.0319559121199
8310,0.0552004966225
8311,-0.0489039060908
8312,0.00248967975156
8313,-0.0437852565519
8314,-0.159132673409
8315,-0.0570292709674
8316,0.181372102322
8317,0.0863925864717
8318,-0.0640337702259
8319,-0.0226300529021
8320,0.0690723496269
8321,0.023608309664
8322,0.005074352584
8323,-0.109505280349
8324,-0.0486236407049
8325,-0.069510204188
8326,0.0180954814251
8327,0.0132454403318
8328,-0.00488350912232
8329,-0.0234532016027
8330,0.0786457523126
8331,-0.0505593060189
8332,-0.11389710556
8333,-0.0221846144364
8334,-0.0468970882293
8335,0.0160499996333
8336,0.0245536389481
8337,0.0069362927398
8338,-0.0473465776652
8339,-0.00958519420231
8340,-0.0376165294204
8341,0.0452553282341
8342,0.024494589616
8343,-0.051380614652
8344,0.0887966968987
8345,-0.0196936406572
8346,-0.129145093325
8347,-0.147489315564
8348,-0.0171590796016
8349,-0.0715150594478
8350,-0.0614851454296
8351,-0.0881070777817
8352,0.000947536922761
8353,-0.022338993254
8354,0.0669866770674
8355,0.0226918244683
8356,-8.31479279688e-005
8357,-0.0208269478475
8358,0.00105410908197
8359,0.0429440139011
8360,0.0591157571118
8361,0.157734538047
8362,0.112484885224
8363,0.0654140495324
8364,-0.0506633113196
8365,0.0263657050905
8366,0.00288327563186
8367,0.105376793237
8368,-0.0722635353976
8369,-0.0468592222458
8370,0.00377755629249
8371,-0.0259433304652
8372,-0.0541408891147
8373,0.0508828911518
8374,0.0806876451331
8375,0.0201516029967
8376,-0.048304888348
8377,-0.117596815144
8378,0.0304774533659
8379,-0.108011273899
8380,-0.00338637625905
8381,-0.0380011792848
8382,0.063151017303
8383,-0.0794094436091
8384,0.0729639487185
8385,-0.0303816500061
8386,0.0210295331901
8387,-0.111867915229
8388,0.0405437750029
8389,0.0798974964913
8390,-0.0616564341645
8391,-0.0522553074567
8392,0.0491086971161
8393,-0.0473009506667
8394,-0.0121060705269
8395,0.00841435868049
8396,-0.0577820355857
8397,-0.00100180425357
8398,0.0476072993883
8399,0.0439154394871
8400,-0.0724457311772
8401,-0.07945157353
8402,0.000240767978869
8403,-0.0242913222041
8404,0.112226182764
8405,-0.0290244565143
8406,0.0272851133846
8407,-0.093590763588
8408,0.0183126073758
8409,-0.0206231945273
8410,0.061648133084
8411,0.0217526675526
8412,-0.0560485363022
8413,0.0357014975103
8414,-0.0556142909304
8415,-0.105222085779
8416,-0.0450648996479
8417,-0.0736610114786
8418,0.00751265084856
8419,-0.00474401930526
8420,-0.01955028866
8421,0.00257138314008
8422,0.0462658411117
8423,0.0672144268245
8424,0.019006007833
8425,-0.00623163661255
8426,-0.0510942747619
8427,-0.0557317033835
8428,0.0270733289536
8429,0.0259451182477
8430,-0.00353683148625
8431,-0.0255174407004
8432,0.0396397236175
8433,0.0326596374687
8434,0.045647931738
8435,0.0319196000098
8436,-0.00211022958058
8437,-0.0289699509289
8438,0.0531977389145
8439,0.0405262194589
8440,-0.0608644559856
8441,-0.034333792615
8442,0.0904726552509
8443,0.0314713072968
8444,-0.0535297375449
8445,-0.119331515796
8446,-0.0642140238485
8447,0.0183937796713
8448,0.00829813307456
8449,-0.035729368752
8450,-0.0612283501891
8451,-0.0381542685243
8452,-0.00569856328728
8453,0.0743795216221
8454,-0.0650576149323
8455,-0.0217191436995
8456,-0.00345180280919
8457,-0.0423860413227
8458,0.0896192718122
8459,-0.0268116252034
8460,0.0491567329912
8461,0.0365521836625
8462,0.013173858854
8463,-0.0216958547978
8464,-0.123376589215
8465,0.00577079568348
8466,-0.0218490306935
8467,0.0383015352926
8468,-0.0477864964845
8469,-0.00405691216733
8470,-0.0296833570156
8471,0.0819917703738
8472,-2.05400278401e-005
8473,-0.0230603335422
8474,-0.0908395697055
8475,0.000133515867735
8476,0.0226997772505
8477,-0.0069486868055
8478,0.137280419165
8479,-0.0219242013725
8480,0.0706430497409
8481,-0.0326740055963
8482,0.109681187357
8483,-0.00795136934552
8484,0.00818454910929
8485,0.0613731543548
8486,-0.0285980489292
8487,-0.0383179184372
8488,0.104011621684
8489,-0.0845811277914
8490,-0.0141175916591
8491,0.0115935618461
8492,0.107337482959
8493,0.116541951442
8494,-0.00471835676994
8495,0.0249922334691
8496,0.00623577257553
8497,-0.10650243253
8498,-0.0115138699884
8499,-0.158515560575
8500,0.0195256230533
8501,0.00177248531556
8502,0.0568195496336
8503,0.0800927801597
8504,0.0150247396832
8505,0.0132173587233
8506,0.0326784819747
8507,0.0575176051475
8508,-0.025399403674
8509,-0.0529821833653
8510,-0.0473781186165
8511,0.0137868193561
8512,-0.0324327321848
8513,0.0196062512261
8514,-0.0460969713246
8515,-0.073933659122
8516,0.0455128143565
8517,0.0197695428869
8518,0.0565558922443
8519,-0.0161839856329
8520,-0.110859025159
8521,-0.0693867150566
8522,-0.0481168133059
8523,0.0769842025745
8524,-0.00645231027322
8525,0.0625318036482
8526,0.0532795208601
8527,-0.00572781431094
8528,-0.0121706884222
8529,-0.0250144803421
8530,0.0465406791483
8531,0.0350159681953
8532,0.0209965456817
8533,0.0589665063614
8534,0.0238110962127
8535,0.000182807017283
8536,-0.0205231861531
8537,0.0391796472278
8538,-0.144703355348
8539,0.0298851189843
8540,-0.00187084959956
8541,0.0441477296857
8542,0.0357274012725
8543,-0.0278944316074
8544,0.023293345125
8545,0.0477945450484
8546,-0.0650260031724
8547,-0.022383650055
8548,0.00124738384261
8549,-0.0799605598505
8550,-0.00823127632185
8551,-0.00799156023993
8552,0.114844819478
8553,-0.0351494823967
8554,0.0133008515016
8555,-0.00150404268746
8556,0.0262790218998
8557,-0.0533231300121
8558,0.00378551406925
8559,0.00343008399821
8560,0.0277682642138
8561,-0.00979933356146
8562,-0.0602744858458
8563,-0.0181117039592
8564,-0.0120355604651
8565,-0.0253433612428
8566,0.0230180469726
8567,0.0909186250311
8568,-0.00134046058078
8569,-0.0300690648524
8570,0.0586425554393
8571,0.0624530668338
8572,-0.0386459267692
8573,-0.0202766369458
8574,-0.186200520302
8575,0.0295564081682
8576,0.0103115446423
8577,-0.133415737425
8578,-0.0608323243091
8579,-0.0092297955517
8580,-0.0685786345814
8581,-0.0164472687485
8582,0.11231686283
8583,0.0160188356016
8584,0.110578056838
8585,-0.00474404646485
8586,0.0553207802564
8587,0.0952749828149
8588,-0.0388781515712
8589,-0.0291406317053
8590,-0.105221186851
8591,-0.000757932995505
8592,0.0684031162928
8593,-0.101655873618
8594,-0.0218236305337
8595,-0.0161152952063
8596,-0.0721159376008
8597,-0.033489978878
8598,0.0143043792273
8599,0.0106041047356
8600,0.0735202706411
8601,0.0222552786341
8602,-0.0977605162504
8603,-0.0441365139212
8604,0.12026937786
8605,-0.0212087135387
8606,-0.097721018081
8607,0.0617630684629
8608,-0.0374379400171
8609,0.0807803159486
8610,-0.0764971589872
8611,-0.0602179807759
8612,-0.0179736693119
8613,-0.0398308738465
8614,-0.0222996731699
8615,0.00358373774637
8616,0.0755215597675
8617,0.0254335819526
8618,-0.0342391867417
8619,-0.00146249463219
8620,0.0463548984311
8621,4.18700309684e-005
8622,-0.0114443891996
8623,-0.0158965980746
8624,0.0801109039803
8625,0.135064195758
8626,0.030298677044
8627,-0.0415400014479
8628,-0.00511473402917
8629,0.0273381114511
8630,0.0518907389125
8631,-0.0136980439192
8632,-0.0100786312525
8633,-0.0109297014814
8634,0.0475319969663
8635,0.082446461192
8636,-0.0030800252108
8637,0.0399764501901
8638,-0.0744512869344
8639,-0.0846567694553
8640,-0.0748865337883
8641,0.0761118604764
8642,0.0962534299743
8643,0.152226089219
8644,0.0639125826509
8645,0.00445072116848
8646,-0.0237782785386
8647,0.0204401527991
8648,-0.086869409786
8649,-0.0736063023144
8650,0.0275970126143
8651,-0.027898645097
8652,-0.0421390796918
8653,-0.00388167168914
8654,-0.0625246715434
8655,-0.0359189585023
8656,-0.078363132541
8657,-0.102440712816
8658,0.0371007647105
8659,-0.0416702238791
8660,-0.0252321006005
8661,-0.0293603463233
8662,0.014284212604
8663,-0.0373150446648
8664,0.0728747487748
8665,-0.0343542749036
8666,-0.0594574455102
8667,-0.0302416464735
8668,0.0655674492059
8669,0.0787516661232
8670,0.00517601855073
8671,-0.0240150969545
8672,0.0681956755925
8673,0.0871068940844
8674,0.0100701091213
8675,-0.0468299029023
8676,-0.100288641816
8677,-0.0513043594503
8678,0.0483055492903
8679,-0.0780481202637
8680,-0.0372026534155
8681,-0.0365383395165
8682,0.125334659758
8683,-0.0239669396087
8684,0.00721060043265
8685,-0.0010881617965
8686,0.007190064756
8687,0.0537785323751
8688,-0.024061285638
8689,-0.00850143780919
8690,0.0216097763469
8691,-0.103667215707
8692,0.013647160882
8693,0.0141995784003
8694,0.0335479205993
8695,-0.00878559156177
8696,-0.0926717856216
8697,-0.0293985178408
8698,0.0344184961633
8699,0.083001963216
8700,0.180746501773
8701,-0.085004621427
8702,-0.0362857003067
8703,-0.0894123678975
8704,-0.0482959746622
8705,0.0273836185695
8706,-0.0905593240549
8707,0.0145453437105
8708,-0.0309023721785
8709,0.0176747599125
8710,-0.0339840220194
8711,0.0405855350944
8712,0.0258400453365
8713,0.0230322045638
8714,0.0265869512578
8715,0.0890738996069
8716,0.125971006774
8717,-0.0543471673833
8718,0.0157494002124
8719,0.0500583588144
8720,0.0930387884663
8721,0.000154970361148
8722,-0.0181581595669
8723,-0.0795365140882
8724,0.0604098048929
8725,-0.0415503583403
8726,0.0411307443058
8727,0.038332413754
8728,-0.0249039163326
8729,0.035901090989
8730,-0.0554590315718
8731,0.00282046306429
8732,-0.0599047559886
8733,0.00315107611048
8734,0.0141104629678
8735,0.0236961890216
8736,0.0355851186011
8737,0.0288593061578
8738,-0.000522735562765
8739,0.0534897063936
8740,-0.00153477085091
8741,-0.102101111965
8742,-0.0547825739892
8743,-0.0885152407481
8744,-0.0277851592777
8745,0.0220496380214
8746,0.00461097169725
8747,-0.0270472956847
8748,0.0147120841603
8749,-0.0398745072945
8750,0.0551317431388
8751,-0.0587233763947
8752,-0.0991052169242
8753,0.0497938144616
8754,-0.0824243350702
8755,0.103150334747
8756,-0.0109303591891
8757,0.0108135894998
8758,-0.0167214892501
8759,0.107978583479
8760,-0.036512542613
8761,-0.0354082716065
8762,0.0027553906263
8763,-0.0522044710427
8764,-0.0532797194957
8765,0.0758117705029
8766,-0.019329659421
8767,-0.0395675535047
8768,0.0120922394005
8769,0.0291165835794
8770,0.00498973520594
8771,0.173783366195
8772,-0.0127535909836
8773,-0.00338901747746
8774,-0.000681611194042
8775,-0.0225544614657
8776,-0.0950522264069
8777,0.0152891439457
8778,0.0973569051986
8779,-0.000376898883142
8780,-0.119821265901
8781,-0.107392378727
8782,-0.0404632512415
8783,-0.0272147161381
8784,0.0980301880945
8785,-0.135122218232
8786,0.0777554723392
8787,0.0195359133437
8788,-0.00301786685134
8789,-0.0227834485274
8790,0.148219198247
8791,-0.053253820355
8792,0.00309134924176
8793,-0.0553574127472
8794,-0.134269203505
8795,0.0411978866325
8796,0.0643046924456
8797,0.13182475896
8798,-0.0951379802296
8799,-0.0351802234404
8800,0.0154250855961
8801,-0.097807139739
8802,-0.0598386794327
8803,0.0307728716839
8804,0.0677265494833
8805,0.00199450366369
8806,-0.0328572437236
8807,0.13373955324
8808,-0.0358681283649
8809,-0.0554598781336
8810,-0.00890974430586
8811,-0.020848406212
8812,-0.0189659983686
8813,-0.168929800265
8814,0.0296630209308
8815,-0.0190735820377
8816,-0.0330298483943
8817,0.0374816214603
8818,0.0877925474265
8819,-0.0452679197853
8820,-0.0412408532095
8821,0.0836943949478
8822,-0.0118586880908
8823,-0.0204615555035
8824,-0.0593974099816
8825,0.00309622492508
8826,0.0791360247856
8827,0.0252235390296
8828,-0.0234063276186
8829,-0.0408429321832
8830,0.000762883203522
8831,0.0702312303268
8832,0.0233399287949
8833,0.0204784170719
8834,0.0349054522404
8835,-0.093697637435
8836,-0.00870115649099
8837,0.100640568198
8838,-0.0814206451685
8839,-0.0728056118374
8840,-0.000251454712149
8841,-0.0507364555299
8842,0.0193796428746
8843,-0.0521890898153
8844,-0.0835642845005
8845,0.0278213351348
8846,0.0501241148449
8847,0.0460065037642
8848,0.0638883582857
8849,-0.110790445229
8850,0.0264441636264
8851,-0.0113503460868
8852,-0.0494502976764
8853,0.0316916449304
8854,0.0586327041768
8855,-0.0383750825407
8856,-0.0503381420053
8857,0.084115567397
8858,0.00278354247973
8859,0.0189962263343
8860,-0.0250739585941
8861,-0.097788776451
8862,-0.0470655300448
8863,0.0104091985777
8864,-0.0406272948634
8865,0.0558120145294
8866,-0.0823646235902
8867,0.00091244837594
8868,-0.0771181279352
8869,0.0892636474285
8870,-0.156194414717
8871,-0.102527693235
8872,0.00450966963884
8873,-0.0505921114291
8874,-0.0697246472851
8875,0.0118297692306
8876,-0.0415553579666
8877,-0.0771922853169
8878,0.0132944649441
8879,0.0608639306557
8880,-0.0108908545945
8881,0.0364791330259
8882,-0.00461204572168
8883,0.00581509643783
8884,0.0174926734231
8885,-0.0242083289861
8886,-0.0860424757586
8887,0.00144060429368
8888,0.0913723305097
8889,0.00939064628003
8890,-0.0243003696277
8891,0.0577654401132
8892,0.00141078813106
8893,0.00327845753638
8894,-0.0268561367172
8895,-0.0292092697223
8896,0.00224744859394
8897,0.0142679760501
8898,0.0701795761216
8899,0.00597688523052
8900,-0.080020581485
8901,0.0974042002565
8902,0.0217664464904
8903,-0.0455938207893
8904,-0.00463797031685
8905,-0.0309425971196
8906,-0.0428458839575
8907,-6.86081979788e-005
8908,0.00783074772732
8909,-0.0712796958059
8910,0.111646816914
8911,-0.0685353020935
8912,0.0950350487919
8913,0.0600334835279
8914,-0.00146301536206
8915,-0.118418826527
8916,-0.0443629221059
8917,-0.0902182859829
8918,0.0703813966227
8919,-0.0799552424178
8920,0.0369735656928
8921,0.0309792494529
8922,0.0199995736774
8923,-0.0673279138992
8924,0.00992321643882
8925,0.0364488961562
8926,-0.000169983631473
8927,0.0148374601837
8928,0.068419051882
8929,0.0712668262578
8930,0.0215519744926
8931,-0.0106048641479
8932,-0.03639359381
8933,-0.0448176103931
8934,0.0188586130336
8935,0.115609841421
8936,-0.0428575236845
8937,0.00125183375789
8938,-0.0157874287303
8939,0.0778591946452
8940,-0.0738134913441
8941,0.0283151611896
8942,0.0561047876919
8943,-0.0142633273596
8944,-0.0392814020994
8945,-0.020508318992
8946,-0.0129725199399
8947,0.084915015132
8948,-0.0417275585153
8949,-0.053424379239
8950,-0.0487314707166
8951,-0.120331982061
8952,-0.0668792785927
8953,0.104438879674
8954,0.0432728060831
8955,-0.0027352066523
8956,0.0236146601195
8957,-0.072898726477
8958,0.0589550195657
8959,0.086312542797
8960,0.00334666503927
8961,0.0892042467892
8962,0.0240633809047
8963,-0.0293741151713
8964,0.0270636752746
8965,-0.0442898245896
8966,-0.0222449078087
8967,0.0153377971365
8968,-0.0300604466317
8969,0.059839465089
8970,-0.0379458476404
8971,0.0385757863833
8972,-0.166575663439
8973,0.132678217176
8974,0.0572082845909
8975,0.0840031463121
8976,0.0133376826062
8977,0.0655603909845
8978,0.0546821642277
8979,-0.0897050920522
8980,-0.115859976011
8981,0.14378933766
8982,0.0243302960487
8983,-0.0426476152774
8984,0.100094774188
8985,-0.0165631780318
8986,0.0658596852313
8987,-0.0106227121083
8988,0.0696404650756
8989,-0.0196953516968
8990,-0.0275077559766
8991,-0.030314049714
8992,0.0254713830541
8993,0.0522661982224
8994,-0.0349251733977
8995,0.100968106309
8996,-0.0838397926163
8997,-0.0764838254949
8998,0.0808035280714
8999,0.00948314223947
9000,0.0254149556053
9001,-0.0269866352121
9002,-0.0380574169606
9003,-0.0036047358454
9004,0.00802855312682
9005,-0.00630725895905
9006,-0.00625743329748
9007,-0.0110459285155
9008,0.0347379339801
9009,-0.1582118501
9010,0.10653289172
9011,0.0563098402874
9012,-0.0737050220679
9013,0.0463138485549
9014,-0.0380278352307
9015,-0.0424313243111
9016,-0.00256932722448
9017,0.00134065456064
9018,-0.0188587047686
9019,0.0142739670319
9020,0.0165464224171
9021,-0.100555278808
9022,0.0292532261378
9023,0.00670786057928
9024,-0.00886746550865
9025,-0.00531081707757
9026,0.008273902743
9027,0.130622226123
9028,-0.0505207701293
9029,0.0471026218409
9030,0.0193193238341
9031,-0.0229750242191
9032,-0.0355985637455
9033,0.0332812718553
9034,0.0128772127356
9035,0.0678644937075
9036,0.069871801611
9037,0.0554922914145
9038,0.00889145252694
9039,0.101100707629
9040,0.00887781617591
9041,-0.0527998655174
9042,-0.0881609756707
9043,-0.065139732311
9044,0.0673523267781
9045,0.0449042082331
9046,0.0167164941531
9047,-0.0355445949437
9048,-0.0495772136238
9049,-0.00493701120579
9050,0.0378287342733
9051,-0.0206884066154
9052,0.0546469589663
9053,-0.0626779018443
9054,-0.0424558520508
9055,0.137623150877
9056,0.0433642582208
9057,0.0313205999506
9058,0.07690969819
9059,-0.0674990431284
9060,0.0417300007591
9061,-0.0027799111361
9062,-0.0112248726897
9063,-0.0168333941812
9064,0.00359719648556
9065,-0.0969827893745
9066,-0.0317530443457
9067,-0.0506480384497
9068,-0.0840936541461
9069,-0.0340647307611
9070,0.0533760516301
9071,-0.0852323952808
9072,-0.00154056432369
9073,0.0350773438055
9074,-0.0577634701796
9075,-0.0249549931571
9076,0.0445455427679
9077,-0.122087016638
9078,0.0293181386988
9079,0.0176880506495
9080,0.0112306101888
9081,0.017579421739
9082,0.0599178232219
9083,-0.0115326930353
9084,-0.020767559087
9085,-0.058331348387
9086,-0.0063320832284
9087,-0.07562308157
9088,0.0709827683846
9089,-0.040460204611
9090,-0.00230822590197
9091,0.0248595854819
9092,-0.00945770527806
9093,-0.041514858138
9094,0.0861655885066
9095,0.0259934677245
9096,-0.0185476817878
9097,0.0297971817442
9098,0.0937273311301
9099,0.0166593863507
9100,-0.0721518910676
9101,0.023911957779
9102,0.0410892353353
9103,-0.0376779230638
9104,-0.0396664265649
9105,0.0175904857693
9106,-0.023053724911
9107,-0.0823296201879
9108,-0.0223898836089
9109,-0.0866935324442
9110,-0.0106075219104
9111,-0.000921480440897
9112,-0.110491913339
9113,-0.0322920996017
9114,0.071191948743
9115,0.0617168361765
9116,0.00288214136733
9117,-0.0238073469847
9118,-0.0597126629494
9119,-0.00334222163932
9120,0.0222662547291
9121,-0.0979572165779
9122,0.0349890884018
9123,0.0313099488583
9124,-0.0411850706961
9125,-0.0233745738263
9126,-0.0628853051679
9127,-0.0374029928928
9128,-0.0268346006314
9129,-0.00588752033899
9130,-0.0911849427651
9131,0.0414942632428
9132,-0.0241885321249
9133,0.0382923619483
9134,0.00698503639507
9135,-0.120251093478
9136,-0.0581669397571
9137,-0.101022180657
9138,0.0171227191373
9139,-0.0778066991106
9140,0.0979103794472
9141,0.0258061474278
9142,-0.0456278829258
9143,-0.0479763275299
9144,-0.00145769872291
9145,-0.0801608709785
9146,0.0657166592294
9147,0.0865820403328
9148,0.00971083762177
9149,0.155795857502
9150,0.0411557569434
9151,-0.00641427866574
9152,-0.00119723302372
9153,0.0365347541126
9154,-0.0731839229956
9155,-0.0916718400568
9156,-0.138870571753
9157,0.100819377838
9158,0.050472840707
9159,-0.038840727427
9160,-0.0207205632624
9161,0.0185191762422
9162,-0.00884855769291
9163,-0.00199599366087
9164,0.104938383624
9165,-0.0507236239903
9166,0.0159489858986
9167,-0.0497978021714
9168,-0.120147061592
9169,-0.0276496802288
9170,-0.0538787419876
9171,0.0402690209524
9172,0.039973736209
9173,-0.0335825100751
9174,-0.0763084674698
9175,-0.00828093157432
9176,-0.0805996580483
9177,-0.0096967745611
9178,-0.0302364613632
9179,0.0227945771388
9180,0.0337178246074
9181,-0.0332782595427
9182,0.152772979958
9183,0.0547610846115
9184,0.074827750254
9185,-0.0635025414158
9186,0.00212005941616
9187,-0.0235328869133
9188,0.0872860436873
9189,0.00377609375573
9190,-0.0786038593147
9191,-0.0942486542853
9192,0.0372424349155
9193,-0.115514724576
9194,0.153663117607
9195,0.0323252557914
9196,-0.0642930425557
9197,-0.0241254069537
9198,-0.0999973213775
9199,0.0123735387207
9200,0.124111050381
9201,-0.0590801043307
9202,0.0282925997253
9203,0.0475691942888
9204,0.0157173624249
9205,0.00833263040168
9206,-0.0214736556783
9207,-0.0870940423218
9208,0.0359643875096
9209,-0.00530370830308
9210,0.0576921395834
9211,0.0748694651523
9212,-0.108931923237
9213,-0.032165272179
9214,0.0326056838336
9215,0.052243414557
9216,0.041686366769
9217,-0.0297984207378
9218,0.0187006505245
9219,0.00220691041037
9220,0.0129678309022
9221,-0.023443539503
9222,-0.132532916559
9223,-0.0890666969823
9224,-0.0773385379378
9225,0.00534436287915
9226,-0.0305610420914
9227,0.0357347646047
9228,0.010221787617
9229,-0.0101559791933
9230,-0.109697289285
9231,-0.088291200199
9232,0.0634080992862
9233,-0.0654713298181
9234,-0.0323737332872
9235,0.0848433628328
9236,0.00715132994935
9237,-0.0153876416385
9238,0.0696238106114
9239,0.0545821907648
9240,-0.0812644600313
9241,0.0678046046168
9242,0.00776353772463
9243,-0.000924431356284
9244,0.101723686726
9245,-0.0224430609279
9246,-0.0553951566526
9247,0.0121994801344
9248,0.151610910703
9249,-0.143514452674
9250,-0.0141662688799
9251,0.0629558248152
9252,-0.029952082495
9253,0.0261045470397
9254,0.0206478592815
9255,-0.0153446204427
9256,-0.0485766794918
9257,-0.0248997992255
9258,0.0138917329151
9259,0.0705247108573
9260,0.0576599059
9261,-0.0360652237502
9262,-0.012590169406
9263,0.0295922257889
9264,-0.0434014984463
9265,0.0312186231116
9266,0.0150092022143
9267,0.0977565873283
9268,0.014192825045
9269,-0.0124014209933
9270,0.044266813884
9271,0.0197493630772
9272,0.0116489849273
9273,-0.00524330384354
9274,0.0597378417853
9275,-0.0487558574963
9276,-0.0354207962507
9277,-0.0048943275161
9278,0.0118551660957
9279,-0.015330959144
9280,0.0539928233898
9281,-0.0694015351494
9282,0.112819264892
9283,-0.0285378268124
9284,0.0465760659703
9285,0.014325750314
9286,0.00246677746966
9287,0.0828899888853
9288,0.0386844934038
9289,-0.0469170109114
9290,-0.0395027208323
9291,-0.123685698344
9292,-0.0244769967328
9293,-0.0695997248007
9294,-0.0846279989839
9295,-0.176136559712
9296,-0.00134111883985
9297,-0.0122407246621
9298,0.0287686036491
9299,-0.0150878693754
9300,0.0162315292445
9301,0.0453599399761
9302,-0.158222905377
9303,0.00922593331084
9304,0.061798969874
9305,0.0243358914571
9306,0.0136919722442
9307,-0.00900532434843
9308,0.0323571974782
9309,-0.054000592802
9310,-0.15957205289
9311,-0.045152035233
9312,-0.029748122691
9313,0.0551135205543
9314,0.0326271711258
9315,0.0866723422841
9316,-0.075805005097
9317,-0.0591674572604
9318,0.0728979581519
9319,0.00692723469081
9320,-0.000588382524219
9321,-0.0220046913907
9322,-0.0381047821568
9323,0.0181802648532
9324,-0.060491814564
9325,0.0628654366604
9326,-0.0285839720882
9327,0.00605358805961
9328,0.0460660079058
9329,0.0863370123909
9330,0.113729193031
9331,-0.0932713479669
9332,0.0898828901241
9333,-0.0366416969188
9334,0.0277410989563
9335,0.058555182128
9336,-0.00930416650239
9337,-0.0773482944638
9338,0.000281948584368
9339,-0.115742066828
9340,0.101923508014
9341,-0.0289655719876
9342,0.0812299540033
9343,0.0533242663056
9344,-0.0791609385198
9345,0.0846900989027
9346,0.0488250195978
9347,-0.0897783282864
9348,-0.113435542097
9349,0.0757923500738
9350,0.0626739966149
9351,-0.00707889650303
9352,-0.0493538142833
9353,0.0177363622708
9354,0.0257687052337
9355,0.0362494460349
9356,0.0302753766366
9357,0.0219873590703
9358,0.00484897746635
9359,-0.0736401148573
9360,0.0227666300003
9361,0.0149633940678
9362,-0.0212885072488
9363,-0.072830893909
9364,-0.00868975157337
9365,-0.0229343146766
9366,0.0461939278398
9367,0.141617676093
9368,0.0562197543297
9369,0.0157482279755
9370,-0.0720236948265
9371,-0.0626640690924
9372,0.0137536083687
9373,0.0120361628052
9374,0.0413213788903
9375,-0.059740922934
9376,0.133406658635
9377,0.00797788497251
9378,0.0540827634344
9379,0.110385485017
9380,0.0646423911427
9381,-0.0538397174481
9382,-0.00645023832904
9383,-0.0126589578541
9384,-0.0243291102756
9385,-0.0865137530312
9386,-0.0520316449496
9387,0.0717437682043
9388,-0.00384384935407
9389,0.0530685461989
9390,-0.057329500938
9391,0.106916834344
9392,0.0384209164966
9393,0.00635051581046
9394,0.00235226903455
9395,0.0594832673201
9396,0.0524645869526
9397,0.0289596294554
9398,0.0579872439635
9399,-0.101444664013
9400,-0.094708993434
9401,0.0413800270983
9402,-0.0754996428732
9403,-0.030701317369
9404,-0.0334326774847
9405,0.0283030790596
9406,-0.0497708025714
9407,-0.0587374494121
9408,-0.137876391916
9409,0.0178014779324
9410,0.0476178447792
9411,0.0979279894274
9412,-0.0729022581635
9413,0.0502894603441
9414,-0.102562171573
9415,-0.0200815214701
9416,0.0172001822267
9417,0.0708024359098
9418,0.0432116491488
9419,-0.00939400640399
9420,0.00242161519523
9421,-0.0736709069283
9422,-0.075190772363
9423,-0.0503771647139
9424,-0.046835663089
9425,-0.0693261458502
9426,-0.00742144458545
9427,-0.0525116085591
9428,-0.0184764843842
9429,0.114734505093
9430,0.0625980945166
9431,0.0662386388222
9432,0.0945579550177
9433,0.00970634110689
9434,7.7559230331e-005
9435,-0.00628078936208
9436,-0.045845944104
9437,0.0299309280238
9438,0.0237670559338
9439,0.0171471665359
9440,-0.0197093507226
9441,0.0175313341634
9442,-0.0744766421727
9443,0.0823883410792
9444,-0.00961739798854
9445,0.0331899522914
9446,-0.000569580576686
9447,-0.0277496515848
9448,-0.164797629774
9449,-0.0575270198894
9450,0.102822439332
9451,0.00758607238436
9452,0.0666106046151
9453,0.0218214254013
9454,0.0334836079025
9455,0.0619150906143
9456,-0.00961864407981
9457,0.0135400006919
9458,0.00318031871407
9459,-0.0640083827131
9460,0.0257958285994
9461,0.0341431974701
9462,0.0239705002608
9463,-0.0118462162525
9464,-0.0400367493137
9465,-0.0265260042286
9466,0.0141443178952
9467,-0.0362087423436
9468,-0.0118207592093
9469,-0.0275505153249
9470,-0.0936545540206
9471,-0.00447957638325
9472,-0.0573879560974
9473,-0.0123788404686
9474,-0.0773645483403
9475,0.0240128325657
9476,-0.0535974626871
9477,0.0111849474479
9478,-0.0589022442802
9479,0.0387319562915
9480,-0.0468282632042
9481,-0.025616641127
9482,0.0348023076255
9483,-0.0457065047703
9484,-0.074301574525
9485,-0.0707906299885
9486,-0.0210956790888
9487,0.0259299827134
9488,0.0499735449794
9489,0.0292829935493
9490,-0.0186140114303
9491,0.0602388018988
9492,-0.0168111835594
9493,0.0962544946411
9494,-0.00917947913917
9495,-0.194947733358
9496,-0.00281037547087
9497,0.0112872493428
9498,0.0178819200245
9499,0.0313239573603
9500,0.00276189751061
9501,0.0581387139329
9502,0.0818122380478
9503,-0.0824388600526
9504,-0.017522143207
9505,0.0206580895976
9506,-0.0191246766317
9507,0.0852229477821
9508,-0.0814054397831
9509,0.013423973672
9510,-0.0737434748629
9511,-0.119980983889
9512,0.0439116320543
9513,0.0233896561515
9514,-0.0699856939961
9515,-0.0377502153045
9516,-0.0345934908895
9517,-0.00518773601546
9518,-0.0075936821433
9519,-0.0320309044764
9520,-0.0135620519569
9521,-0.00323737579236
9522,-0.1108111701
9523,-0.0558462242313
9524,0.0791019159205
9525,-0.0506616398776
9526,0.0321247246705
9527,-0.051395514644
9528,-0.114304927408
9529,0.0109989320912
9530,-0.0752047273128
9531,-0.0242276948579
9532,-0.0199386315129
9533,0.0354049140071
9534,-0.009473845168
9535,-0.0566626059784
9536,0.0318941507544
9537,0.000977746468162
9538,-0.0228839304079
9539,-0.0251498382146
9540,0.0116871883588
9541,-0.0728902708905
9542,0.00305806130559
9543,-0.0169934888474
9544,-0.0219503381724
9545,0.0345312071391
9546,-0.0480401309384
9547,0.0929292193193
9548,-0.133443989206
9549,0.0907675556785
9550,0.031775421328
9551,-0.0334236662819
9552,-0.00981807446373
9553,-0.0223338941211
9554,0.0613707610626
9555,0.055272824544
9556,0.0712823164084
9557,0.0142409514008
9558,-0.0448555686727
9559,0.0172452655623
9560,0.0234796693076
9561,-0.0751038595336
9562,-0.0075937928821
9563,0.0383222571592
9564,0.0845420492335
9565,0.0545488096679
9566,0.0840481042878
9567,0.00881836052524
9568,0.0343027977845
9569,-0.0361569892566
9570,0.0734921542426
9571,-0.0215460972867
9572,-0.0325423550858
9573,0.0441865721615
9574,0.06791735565
9575,-0.118712892439
9576,0.0547828272395
9577,0.0412671472487
9578,0.0811941488825
9579,0.0886315813656
9580,-0.0690528829767
9581,-0.0948802524546
9582,-0.000254740236516
9583,0.0250256772087
9584,-0.04968678812
9585,-0.0418874307407
9586,-0.0538630200459
9587,0.0531546528992
9588,0.0463341586507
9589,-0.0774817149153
9590,-0.0455915320413
9591,-0.0600311679463
9592,0.0984901805137
9593,0.0961738466223
9594,-0.0642385816702
9595,-0.0479858951684
9596,0.0428158985844
9597,-0.0438229916226
9598,0.00977952164674
9599,0.069134345616
9600,0.00332010055638
9601,0.0166785892167
9602,0.109920130447
9603,-0.0719007975933
9604,0.103141063014
9605,-0.0529072334187
9606,0.0431926902186
9607,0.063619886961
9608,0.0625420362081
9609,0.0545388992292
9610,-0.0579435779788
9611,-0.0151275584875
9612,0.147245434842
9613,-0.0283411855249
9614,-0.0652794809568
9615,-0.0654540388192
9616,-0.0549118739236
9617,0.00262054603702
9618,0.0206221782882
9619,-0.0327652269216
9620,-0.00909630420053
9621,-0.0721907240268
9622,-0.0791264072143
9623,0.0287190244551
9624,-0.068498253017
9625,0.00254996192553
9626,-0.0525590103686
9627,-0.000643272358283
9628,-0.0271599190697
9629,-0.0733323682872
9630,0.054501839871
9631,0.0529329709932
9632,-0.115205066049
9633,-0.0205208823924
9634,0.146247464569
9635,-0.142329495144
9636,0.0445652936705
9637,0.0399412615044
9638,0.0772983460219
9639,0.00279003475556
9640,-0.109145029419
9641,-0.107861969273
9642,-0.0164773222264
9643,0.0492375182197
9644,0.0539177476708
9645,-0.0201621183678
9646,0.0479889522957
9647,-0.00910118792888
9648,-0.0158595139424
9649,-0.020545917737
9650,0.0868136201806
9651,-0.0342522253798
9652,-0.00880015540476
9653,0.0647439072036
9654,-0.132675934297
9655,-0.00818501253466
9656,-0.00485973512772
9657,0.0085657270942
9658,-0.0119502525283
9659,-0.00384350105487
9660,0.0521404547921
9661,-0.0191515155654
9662,0.0461720975222
9663,0.00327941630633
9664,0.0241144238202
9665,-0.0748919123779
9666,0.0182970288714
9667,0.0564400689334
9668,0.0860226150679
9669,0.0409785950434
9670,0.0538761100846
9671,-0.024672448484
9672,0.0730788887447
9673,0.115702949283
9674,0.0342234319134
9675,0.0815636431314
9676,-0.0389380913431
9677,-0.0349954743627
9678,0.100403043329
9679,0.0214999059096
9680,-0.107747537216
9681,0.0483458613586
9682,0.0640455952916
9683,-0.0527683717354
9684,-0.0425697304045
9685,-0.0352033029468
9686,-0.0385986638927
9687,0.0302393692079
9688,-0.0290628134368
9689,0.0338884083832
9690,0.0367179224764
9691,0.0215477173244
9692,0.0528205593611
9693,-0.0386427365758
9694,0.0536496134244
9695,0.0308427790624
9696,-0.0511592628864
9697,-0.12890588284
9698,-0.0832893310945
9699,-0.101272041489
9700,-0.0425028128702
9701,-0.149585714582
9702,0.0871928584543
9703,-0.0101596691983
9704,0.0904915844445
9705,0.0485305029104
9706,-0.115460759607
9707,-0.0836073225449
9708,-0.00472439263977
9709,0.0242160117197
9710,0.0409028336174
9711,0.0345980188103
9712,-0.0366767846045
9713,-0.0245682031433
9714,-0.0252263538947
9715,0.0703997635324
9716,-0.0369946252876
9717,-0.017439633757
9718,0.0497209108123
9719,0.0680039971852
9720,-0.0548375213114
9721,-0.00917482789618
9722,0.0906913720067
9723,0.0696805945244
9724,-0.0138111846585
9725,-0.0745110066388
9726,0.0488796963637
9727,-0.000255915984983
9728,0.158512992198
9729,0.0356414182689
9730,-0.0865122041115
9731,0.0928045842592
9732,-0.124503471752
9733,-0.0501126662142
9734,0.000550539485154
9735,0.0225631528219
9736,-0.013461453629
9737,-0.126754914863
9738,0.0146643762841
9739,-0.0937483262954
9740,0.043872398319
9741,-0.0735367599144
9742,0.0442655898274
9743,0.0605899910165
9744,-0.0367839300564
9745,0.0502113093444
9746,0.0635714774839
9747,-0.0678186819491
9748,0.00349406377122
9749,-0.0904023747385
9750,-0.15089932566
9751,0.0695059008046
9752,-0.111246745045
9753,0.0760554062051
9754,-0.00471797179755
9755,0.0434955779469
9756,0.0446050956076
9757,0.00257157697337
9758,0.0830221176576
9759,-0.0443252945767
9760,-0.0202381363959
9761,-0.0532541262103
9762,-0.00626841737567
9763,-0.0115072145836
9764,0.000370975204085
9765,-0.108926491886
9766,-0.0512152184989
9767,0.0225481144036
9768,0.0863979915088
9769,-0.07492215304
9770,0.0198458990993
9771,0.00313648165286
9772,-0.0724909919514
9773,-0.0474351537107
9774,-0.00212101754376
9775,0.132087425269
9776,-0.0267290918986
9777,-0.0245657791391
9778,-0.0687596456161
9779,-0.0731786007488
9780,0.054347736722
9781,0.0815063522064
9782,0.0695972136712
9783,0.0508502058025
9784,0.0324250583317
9785,-0.0725743749251
9786,-0.0556308343477
9787,0.0716530795846
9788,0.127646996094
9789,0.0943208120637
9790,0.0283995462851
9791,-0.0775081581973
9792,-0.0789922867532
9793,-0.0139395821554
9794,0.0893512141666
9795,0.028204209559
9796,0.0774775074361
9797,-0.0586786651468
9798,-0.0304000951327
9799,0.0309942658438
9800,-0.116048962864
9801,0.0582464578524
9802,0.004825028237
9803,-0.0329717906722
9804,0.0817026905605
9805,0.0081548391854
9806,0.109853546502
9807,-0.0385293942583
9808,-0.0669543162844
9809,0.105228103753
9810,0.0522923692083
9811,0.0516409298699
9812,0.00483362694863
9813,-0.0230768213112
9814,0.0912136968094
9815,0.0190469767674
9816,-0.0774048377185
9817,0.102594827503
9818,-0.101012010224
9819,-0.052612475832
9820,-0.0663999408217
9821,0.014493279959
9822,-0.0251206369563
9823,-0.0229495119477
9824,-0.0643555706935
9825,-0.0110249801192
9826,-0.0604507557065
9827,-0.00480489214348
9828,0.0399984869363
9829,-0.0695351602407
9830,-0.0140268847141
9831,-0.0546420350888
9832,-0.0128983209776
9833,0.052594007645
9834,0.003938605406
9835,-0.117328666786
9836,0.0392116049481
9837,-0.0333461909669
9838,0.0265147662148
9839,0.072804020041
9840,0.0316439805363
9841,0.0282749862308
9842,-0.0587671514488
9843,0.0425080895154
9844,0.0293025277658
9845,-0.053533861791
9846,0.0881432865694
9847,-0.0426020996932
9848,0.0758468096864
9849,-0.0177988577308
9850,0.0193645207854
9851,0.00568968827163
9852,-0.018438306867
9853,-0.0511047261959
9854,-0.0227734965675
9855,0.045572137065
9856,-0.083582498445
9857,-0.0555961077725
9858,-0.0375087323634
9859,0.0830634220569
9860,-0.0396205735434
9861,-0.0281895844449
9862,-0.0103953195129
9863,-0.0532593653577
9864,0.0557199043197
9865,0.0964950921694
9866,0.00140378203533
9867,0.0142393208962
9868,-0.0188319913106
9869,-0.0078679961438
9870,-0.0404656845314
9871,0.00116658249202
9872,-0.118131026611
9873,0.0430022224035
9874,0.027610446875
9875,0.0227787880875
9876,-0.0212810320993
9877,-0.0164377170318
9878,-0.0664598139969
9879,-0.0943992189636
9880,-0.0297279276122
9881,-0.0101037829708
9882,0.076220138915
9883,0.0937763244293
9884,-0.0357181034006
9885,0.0378846498785
9886,-0.103981997497
9887,-0.0986336880755
9888,0.0557711676966
9889,-0.058943042587
9890,0.0209922996522
9891,-0.038634775593
9892,0.093388435731
9893,-0.0252155799156
9894,-0.0630521609903
9895,-0.0313093358386
9896,0.0236636962738
9897,-0.0243092395726
9898,-0.0781360175062
9899,0.139632841037
9900,-0.0449326341041
9901,0.0372201190647
9902,-0.0227564790771
9903,-0.0620923584297
9904,0.0157192866726
9905,-0.0110498603828
9906,-0.0247811908316
9907,-0.00483068327904
9908,0.0681630131574
9909,0.0193161513673
9910,0.0684329204183
9911,0.0691404729214
9912,0.0697627341242
9913,-0.0272663536427
9914,0.052740159278
9915,-0.0225628895588
9916,-0.00481453390064
9917,0.0166662716416
9918,-0.00305792544746
9919,-0.0637702919927
9920,-0.0715536104287
9921,0.06303052967
9922,-0.0965885590215
9923,0.0448998773294
9924,0.00852703317508
9925,-0.0499741724048
9926,-0.0345288977033
9927,-0.053714350335
9928,0.0663422355171
9929,0.0529690420311
9930,-0.0452706331737
9931,-0.0800227175545
9932,-0.0309215228414
9933,0.0812763106167
9934,-0.00189717397579
9935,0.0320768972395
9936,-0.109094465064
9937,0.072739922645
9938,-0.0917433640865
9939,-0.0578977334037
9940,0.0619690642911
9941,0.0154184543572
9942,0.078910604297
9943,-0.0523050270726
9944,-0.0219249012529
9945,0.0325872199794
9946,-0.00166930928052
9947,0.0107352110081
9948,0.00938359364618
9949,0.0501431782414
9950,0.0982952259319
9951,0.0700338477248
9952,-0.00722718000623
9953,0.0337235537023
9954,-0.0129239063414
9955,-0.002356737418
9956,-0.0445866554474
9957,-0.00410018601268
9958,0.00761541617438
9959,-0.0249033358776
9960,-0.0310002894932
9961,-0.0661848350134
9962,0.0364895428771
9963,-0.000934647322156
9964,-0.05734469542
9965,-0.030265603595
9966,-0.00512881462173
9967,-0.0200121580866
9968,-0.017530169799
9969,0.00586056168829
9970,0.0333674294518
9971,-0.0390102834148
9972,0.0896485433333
9973,-0.00742700512299
9974,-0.0899780854561
9975,0.0505337469695
9976,0.0787395572177
9977,0.0564780450673
9978,0.0332497427542
9979,-0.0595706685278
9980,0.000362494496683
9981,-0.0438753405201
9982,-0.00795257038073
9983,0.036326150155
9984,-0.107617475313
9985,-0.0242863420769
9986,0.034571907654
9987,0.0455754233433
9988,0.145603578319
9989,-0.0288477880283
9990,0.0699368948047
9991,0.0977876280331
9992,-0.02708867983
9993,0.0417066777166
9994,0.0406584848239
9995,0.0260237471848
9996,0.0286238485119
9997,0.132637566384
9998,-0.0821765035665
9999,0.0266123246599
